Unnamed: 0,fisherman_age,fisherman_experience_years,province,coast_name,role,boat_type,life_threatening_disaster_count,natural_signs_used,how_often_used_signs,how_long_used_signs_years,has_Wn-3_Wn-8,has_Wn-3_Wn-8_Wn-9,has_Wn-3_Wn-8_Wn-11,has_Wn-3_Wn-9,has_Wn-3_Wn-11,has_Wn-4_Wn-9,has_Wn-4_Wn-10,has_Wn-1_Wn-4,has_Wn-1_Wn-4_Wn-9,has_Wn-1_Wn-4_Wn-7,has_Wn-1_Wn-4_Wn-10,has_Wn-1_Wn-9,has_Wn-1_Wn-7,has_Wn-1_Wn-10,has_Wn-1_Wn-8,has_Wn-1_Wn-6,has_Wn-1_Wn-6_Wn-10,has_Wn-1_Wn-11,has_Wn-9_Wn-10,has_Wn-7_Wn-14,has_Ts-1_Ts-2,has_Ts-1_Ts-2_Ts-3,has_Ts-1_Ts-2_Ts-3_Ts-5,has_Ts-1_Ts-2_Ts-5,has_Ts-1_Ts-2_Ts-4,has_Ts-1_Ts-2_Ts-4_Ts-5,has_Ts-1_Ts-3,has_Ts-1_Ts-3_Ts-5,has_Ts-1_Ts-5,has_Ts-1_Ts-4,has_Ts-1_Ts-4_Ts-5,has_Ts-2_Ts-3,has_Ts-2_Ts-3_Ts-5,has_Ts-2_Ts-5,has_Ts-2_Ts-4,has_Ts-2_Ts-4_Ts-5,has_Ts-3_Ts-5,has_Ts-3_Ts-4,has_Ts-3_Ts-4_Ts-6,has_Ts-3_Ts-6,has_Ts-5_Ts-7,has_Ts-5_Ts-6,has_Cr-1_Cr-3,has_Cr-1_Cr-4,has_Wn-8_Wn-9,has_Wn-8_Wn-11,has_Wn-8_Wn-15,has_Wv-1_Wv-2,has_Ts-4_Ts-5,has_Ts-4_Ts-5_Ts-6,has_Ts-4_Ts-6,has_Ts-4_Ts-6_Ts-7,has_Ts-4_Ts-7,has_Wn-6_Wn-10,has_Wn-2_Wn-5,has_Wn-2_Wn-5_Wn-8,has_Wn-2_Wn-8,has_Wn-2_Wn-10,has_Wn-2_Wn-7,has_Wn-2_Wn-7_Wn-14,has_Wn-2_Wn-14,has_Wn-5_Wn-8,has_Ts-6_Ts-7,has_Wn-12_Wn-16,has_Wn-12_Wn-15,has_Wn-13_Wn-16,num_matched_rules,pattern_intensity,risk_score,risk_label
0,23,3,Aceh,Pantai Lampuuk,Anak Buah Kapal (ABK) ,Perahu motor tempel,2,"Wn-3, Wn-4",3.5,3,0,0,0,0,0,0,0,0,0,0,0,0,0,0,0,0,0,0,0,0,0,0,0,0,0,0,0,0,0,0,0,0,0,0,0,0,0,0,0,0,0,0,0,0,0,0,0,0,0,0,0,0,0,0,0,0,0,0,0,0,0,0,0,0,0,0,0,Low,0.8,high
1,40,10,Aceh,Pantai Lampuuk,Anak Buah Kapal (ABK) ,Perahu motor tempel,2,"Wn-1, Wn-4, Wn-9",18.0,10,0,0,0,0,0,1,0,1,1,0,0,1,0,0,0,0,0,0,0,0,0,0,0,0,0,0,0,0,0,0,0,0,0,0,0,0,0,0,0,0,0,0,0,0,0,0,0,0,0,0,0,0,0,0,0,0,0,0,0,0,0,0,0,0,0,0,4,Medium,0.75,high
2,52,25,Aceh,Pantai Lampuuk,Tekong/Nahkoda,Perahu motor tempel,5,"Wn-1, Wn-4, Wn-7, Wn-10",18.0,25,0,0,0,0,0,0,1,1,0,1,1,0,1,1,0,0,0,0,0,0,0,0,0,0,0,0,0,0,0,0,0,0,0,0,0,0,0,0,0,0,0,0,0,0,0,0,0,0,0,0,0,0,0,0,0,0,0,0,0,0,0,0,0,0,0,0,6,High,1.0,high
3,52,25,Aceh,Pantai Lampuuk,Tekong/Nahkoda,Perahu motor tempel,8,Wv-2,18.0,22,0,0,0,0,0,0,0,0,0,0,0,0,0,0,0,0,0,0,0,0,0,0,0,0,0,0,0,0,0,0,0,0,0,0,0,0,0,0,0,0,0,0,0,0,0,0,0,0,0,0,0,0,0,0,0,0,0,0,0,0,0,0,0,0,0,0,0,Low,0.75,high
4,49,26,Aceh,Pantai Lampuuk,Tekong/Nahkoda,Perahu motor tempel,1,"Ts-1, Ts-2, Ts-3, Ts-5",30.0,22,0,0,0,0,0,0,0,0,0,0,0,0,0,0,0,0,0,0,0,0,1,1,1,1,0,0,1,1,1,0,0,1,1,1,0,0,1,0,0,0,0,0,0,0,0,0,0,0,0,0,0,0,0,0,0,0,0,0,0,0,0,0,0,0,0,0,11,High,1.0,high
5,49,26,Aceh,Pantai Lampuuk,Tekong/Nahkoda,Perahu motor tempel,8,"Wn-1, Wn-4, Wn-10",18.0,10,0,0,0,0,0,0,1,1,0,0,1,0,0,1,0,0,0,0,0,0,0,0,0,0,0,0,0,0,0,0,0,0,0,0,0,0,0,0,0,0,0,0,0,0,0,0,0,0,0,0,0,0,0,0,0,0,0,0,0,0,0,0,0,0,0,0,4,Medium,1.0,high
6,25,2,Aceh,Pantai Lampuuk,Anak Buah Kapal (ABK) ,Perahu motor tempel,2,Wv-2,18.0,1,0,0,0,0,0,0,0,0,0,0,0,0,0,0,0,0,0,0,0,0,0,0,0,0,0,0,0,0,0,0,0,0,0,0,0,0,0,0,0,0,0,0,0,0,0,0,0,0,0,0,0,0,0,0,0,0,0,0,0,0,0,0,0,0,0,0,0,Low,0.8,high
7,41,19,Aceh,Pantai Lampuuk,Anak Buah Kapal (ABK) ,Perahu motor tempel,4,Wth-1,3.5,19,0,0,0,0,0,0,0,0,0,0,0,0,0,0,0,0,0,0,0,0,0,0,0,0,0,0,0,0,0,0,0,0,0,0,0,0,0,0,0,0,0,0,0,0,0,0,0,0,0,0,0,0,0,0,0,0,0,0,0,0,0,0,0,0,0,0,0,Low,0.6154,moderate
8,41,19,Aceh,Pantai Lampuuk,Anak Buah Kapal (ABK) ,Perahu motor tempel,7,"Cr-1, Cr-2",3.5,19,0,0,0,0,0,0,0,0,0,0,0,0,0,0,0,0,0,0,0,0,0,0,0,0,0,0,0,0,0,0,0,0,0,0,0,0,0,0,0,0,0,0,0,0,0,0,0,0,0,0,0,0,0,0,0,0,0,0,0,0,0,0,0,0,0,0,0,Low,0.5714,moderate
9,27,5,Aceh,Pantai Lampuuk,Anak Buah Kapal (ABK) ,Perahu motor tempel,2,"Wn-1, Wn-3, Wn-8",18.0,5,1,0,0,0,0,0,0,0,0,0,0,0,0,0,1,0,0,0,0,0,0,0,0,0,0,0,0,0,0,0,0,0,0,0,0,0,0,0,0,0,0,0,0,0,0,0,0,0,0,0,0,0,0,0,0,0,0,0,0,0,0,0,0,0,0,0,2,Medium,1.0,high
10,27,5,Aceh,Pantai Lampuuk,Anak Buah Kapal (ABK) ,Perahu motor tempel,6,Wv-1,3.0,5,0,0,0,0,0,0,0,0,0,0,0,0,0,0,0,0,0,0,0,0,0,0,0,0,0,0,0,0,0,0,0,0,0,0,0,0,0,0,0,0,0,0,0,0,0,0,0,0,0,0,0,0,0,0,0,0,0,0,0,0,0,0,0,0,0,0,0,Low,0.75,high
11,36,10,Aceh,Pantai Lampuuk,Tekong/Nahkoda,Perahu motor tempel,5,Wth-1,3.5,10,0,0,0,0,0,0,0,0,0,0,0,0,0,0,0,0,0,0,0,0,0,0,0,0,0,0,0,0,0,0,0,0,0,0,0,0,0,0,0,0,0,0,0,0,0,0,0,0,0,0,0,0,0,0,0,0,0,0,0,0,0,0,0,0,0,0,0,Low,0.6154,moderate
12,36,10,Aceh,Pantai Lampuuk,Tekong/Nahkoda,Perahu motor tempel,8,"Cr-1, Cr-2",4.0,10,0,0,0,0,0,0,0,0,0,0,0,0,0,0,0,0,0,0,0,0,0,0,0,0,0,0,0,0,0,0,0,0,0,0,0,0,0,0,0,0,0,0,0,0,0,0,0,0,0,0,0,0,0,0,0,0,0,0,0,0,0,0,0,0,0,0,0,Low,0.5,moderate
13,34,8,Aceh,Pantai Lampuuk,Anak Buah Kapal (ABK) ,Perahu motor tempel,5,"Wn-1, Wn-4, Wn-7",18.0,8,0,0,0,0,0,0,0,1,0,1,0,0,1,0,0,0,0,0,0,0,0,0,0,0,0,0,0,0,0,0,0,0,0,0,0,0,0,0,0,0,0,0,0,0,0,0,0,0,0,0,0,0,0,0,0,0,0,0,0,0,0,0,0,0,0,0,3,Medium,1.0,high
14,34,8,Aceh,Pantai Lampuuk,Anak Buah Kapal (ABK) ,Perahu motor tempel,4,Td-1,22.0,8,0,0,0,0,0,0,0,0,0,0,0,0,0,0,0,0,0,0,0,0,0,0,0,0,0,0,0,0,0,0,0,0,0,0,0,0,0,0,0,0,0,0,0,0,0,0,0,0,0,0,0,0,0,0,0,0,0,0,0,0,0,0,0,0,0,0,0,Low,0.43479999999999996,moderate
15,39,14,Aceh,Pantai Lampuuk,Anak Buah Kapal (ABK) ,Perahu motor tempel,8,Wv-1,3.0,14,0,0,0,0,0,0,0,0,0,0,0,0,0,0,0,0,0,0,0,0,0,0,0,0,0,0,0,0,0,0,0,0,0,0,0,0,0,0,0,0,0,0,0,0,0,0,0,0,0,0,0,0,0,0,0,0,0,0,0,0,0,0,0,0,0,0,0,Low,1.0,high
16,39,14,Aceh,Pantai Lampuuk,Anak Buah Kapal (ABK) ,Perahu motor tempel,4,"Cr-1, Cr-2",3.5,14,0,0,0,0,0,0,0,0,0,0,0,0,0,0,0,0,0,0,0,0,0,0,0,0,0,0,0,0,0,0,0,0,0,0,0,0,0,0,0,0,0,0,0,0,0,0,0,0,0,0,0,0,0,0,0,0,0,0,0,0,0,0,0,0,0,0,0,Low,0.8,high
17,53,26,Aceh,Pantai Lampuuk,Juragan kapal,Perahu motor tempel,4,"Wn-1, Wn-4, Wn-7",18.0,26,0,0,0,0,0,0,0,1,0,1,0,0,1,0,0,0,0,0,0,0,0,0,0,0,0,0,0,0,0,0,0,0,0,0,0,0,0,0,0,0,0,0,0,0,0,0,0,0,0,0,0,0,0,0,0,0,0,0,0,0,0,0,0,0,0,0,3,Medium,0.75,high
18,53,26,Aceh,Pantai Lampuuk,Juragan kapal,Perahu motor tempel,8,Wv-2,3.0,26,0,0,0,0,0,0,0,0,0,0,0,0,0,0,0,0,0,0,0,0,0,0,0,0,0,0,0,0,0,0,0,0,0,0,0,0,0,0,0,0,0,0,0,0,0,0,0,0,0,0,0,0,0,0,0,0,0,0,0,0,0,0,0,0,0,0,0,Low,0.9,high
19,53,26,Aceh,Pantai Lampuuk,Juragan kapal,Perahu motor tempel,4,Wth-1,3.5,26,0,0,0,0,0,0,0,0,0,0,0,0,0,0,0,0,0,0,0,0,0,0,0,0,0,0,0,0,0,0,0,0,0,0,0,0,0,0,0,0,0,0,0,0,0,0,0,0,0,0,0,0,0,0,0,0,0,0,0,0,0,0,0,0,0,0,0,Low,0.6154,moderate
20,53,26,Aceh,Pantai Lampuuk,Juragan kapal,Perahu motor tempel,6,Td-1,20.0,26,0,0,0,0,0,0,0,0,0,0,0,0,0,0,0,0,0,0,0,0,0,0,0,0,0,0,0,0,0,0,0,0,0,0,0,0,0,0,0,0,0,0,0,0,0,0,0,0,0,0,0,0,0,0,0,0,0,0,0,0,0,0,0,0,0,0,0,Low,0.43479999999999996,moderate
21,44,20,Aceh,Pantai Lampuuk,Tekong/Nahkoda,Perahu motor tempel,5,Wth-1,3.5,20,0,0,0,0,0,0,0,0,0,0,0,0,0,0,0,0,0,0,0,0,0,0,0,0,0,0,0,0,0,0,0,0,0,0,0,0,0,0,0,0,0,0,0,0,0,0,0,0,0,0,0,0,0,0,0,0,0,0,0,0,0,0,0,0,0,0,0,Low,0.6154,moderate
22,44,20,Aceh,Pantai Lampuuk,Tekong/Nahkoda,Perahu motor tempel,2,"Td-1, Td-3",22.0,20,0,0,0,0,0,0,0,0,0,0,0,0,0,0,0,0,0,0,0,0,0,0,0,0,0,0,0,0,0,0,0,0,0,0,0,0,0,0,0,0,0,0,0,0,0,0,0,0,0,0,0,0,0,0,0,0,0,0,0,0,0,0,0,0,0,0,0,Low,0.5,moderate
23,38,18,Aceh,Pantai Lampuuk,Anak Buah Kapal (ABK) ,Perahu motor tempel,1,"Ts-1, Ts-2, Ts-4, Ts-5",30.0,18,0,0,0,0,0,0,0,0,0,0,0,0,0,0,0,0,0,0,0,0,1,0,0,1,1,1,0,0,1,1,1,0,0,1,1,1,0,0,0,0,0,0,0,0,0,0,0,0,1,0,0,0,0,0,0,0,0,0,0,0,0,0,0,0,0,0,11,High,1.0,high
24,38,18,Aceh,Pantai Lampuuk,Anak Buah Kapal (ABK) ,Perahu motor tempel,2,Wth-1,3.5,18,0,0,0,0,0,0,0,0,0,0,0,0,0,0,0,0,0,0,0,0,0,0,0,0,0,0,0,0,0,0,0,0,0,0,0,0,0,0,0,0,0,0,0,0,0,0,0,0,0,0,0,0,0,0,0,0,0,0,0,0,0,0,0,0,0,0,0,Low,0.8,high
25,39,7,Aceh,Pantai Lampuuk,Anak Buah Kapal (ABK) ,Perahu motor tempel,5,"Wn-1, Wn-6, Wn-10",18.0,7,0,0,0,0,0,0,0,0,0,0,0,0,0,1,0,1,1,0,0,0,0,0,0,0,0,0,0,0,0,0,0,0,0,0,0,0,0,0,0,0,0,0,0,0,0,0,0,0,0,0,0,0,0,1,0,0,0,0,0,0,0,0,0,0,0,0,4,Medium,1.0,high
26,39,7,Aceh,Pantai Lampuuk,Anak Buah Kapal (ABK) ,Perahu motor tempel,4,Wth-1,3.5,7,0,0,0,0,0,0,0,0,0,0,0,0,0,0,0,0,0,0,0,0,0,0,0,0,0,0,0,0,0,0,0,0,0,0,0,0,0,0,0,0,0,0,0,0,0,0,0,0,0,0,0,0,0,0,0,0,0,0,0,0,0,0,0,0,0,0,0,Low,0.6154,moderate
27,47,23,Aceh,Pantai Lampuuk,Juragan kapal,Perahu motor tempel,8,Wv-1,3.5,23,0,0,0,0,0,0,0,0,0,0,0,0,0,0,0,0,0,0,0,0,0,0,0,0,0,0,0,0,0,0,0,0,0,0,0,0,0,0,0,0,0,0,0,0,0,0,0,0,0,0,0,0,0,0,0,0,0,0,0,0,0,0,0,0,0,0,0,Low,1.0,high
28,47,23,Aceh,Pantai Lampuuk,Juragan kapal,Perahu motor tempel,5,Wth-1,5.0,23,0,0,0,0,0,0,0,0,0,0,0,0,0,0,0,0,0,0,0,0,0,0,0,0,0,0,0,0,0,0,0,0,0,0,0,0,0,0,0,0,0,0,0,0,0,0,0,0,0,0,0,0,0,0,0,0,0,0,0,0,0,0,0,0,0,0,0,Low,0.6154,moderate
29,29,9,Aceh,Pantai Lampuuk,Anak Buah Kapal (ABK) ,Perahu motor tempel,4,"Wn-2, Wn-5, Wn-8",18.0,9,0,0,0,0,0,0,0,0,0,0,0,0,0,0,0,0,0,0,0,0,0,0,0,0,0,0,0,0,0,0,0,0,0,0,0,0,0,0,0,0,0,0,0,0,0,0,0,0,0,0,0,0,0,0,1,1,1,0,0,0,0,1,0,0,0,0,4,Medium,1.0,high
30,29,9,Aceh,Pantai Lampuuk,Anak Buah Kapal (ABK) ,Perahu motor tempel,3,Wv-2,5.5,9,0,0,0,0,0,0,0,0,0,0,0,0,0,0,0,0,0,0,0,0,0,0,0,0,0,0,0,0,0,0,0,0,0,0,0,0,0,0,0,0,0,0,0,0,0,0,0,0,0,0,0,0,0,0,0,0,0,0,0,0,0,0,0,0,0,0,0,Low,0.8,high
31,30,12,Aceh,Pantai Lampuuk,Anak Buah Kapal (ABK) ,Perahu motor tempel,8,"Wn-3, Wn-8, Wn-9",18.0,12,1,1,0,1,0,0,0,0,0,0,0,0,0,0,0,0,0,0,0,0,0,0,0,0,0,0,0,0,0,0,0,0,0,0,0,0,0,0,0,0,0,0,0,0,1,0,0,0,0,0,0,0,0,0,0,0,0,0,0,0,0,0,0,0,0,0,4,Medium,1.0,high
32,30,12,Aceh,Pantai Lampuuk,Anak Buah Kapal (ABK) ,Perahu motor tempel,6,Wth-1,5.5,12,0,0,0,0,0,0,0,0,0,0,0,0,0,0,0,0,0,0,0,0,0,0,0,0,0,0,0,0,0,0,0,0,0,0,0,0,0,0,0,0,0,0,0,0,0,0,0,0,0,0,0,0,0,0,0,0,0,0,0,0,0,0,0,0,0,0,0,Low,0.7692,high
33,36,11,Aceh,Pantai Lampuuk,Juragan kapal,Perahu motor tempel,4,"Cr-1, Cr-3",3.5,11,0,0,0,0,0,0,0,0,0,0,0,0,0,0,0,0,0,0,0,0,0,0,0,0,0,0,0,0,0,0,0,0,0,0,0,0,0,0,0,0,0,0,1,0,0,0,0,0,0,0,0,0,0,0,0,0,0,0,0,0,0,0,0,0,0,0,1,Low,1.0,high
34,36,11,Aceh,Pantai Lampuuk,Juragan kapal,Perahu motor tempel,2,"Td-1, Td-2",22.0,11,0,0,0,0,0,0,0,0,0,0,0,0,0,0,0,0,0,0,0,0,0,0,0,0,0,0,0,0,0,0,0,0,0,0,0,0,0,0,0,0,0,0,0,0,0,0,0,0,0,0,0,0,0,0,0,0,0,0,0,0,0,0,0,0,0,0,0,Low,0.5,moderate
35,26,7,Aceh,Pantai Lampuuk,Anak Buah Kapal (ABK) ,Perahu motor tempel,2,Wth-1,3.5,7,0,0,0,0,0,0,0,0,0,0,0,0,0,0,0,0,0,0,0,0,0,0,0,0,0,0,0,0,0,0,0,0,0,0,0,0,0,0,0,0,0,0,0,0,0,0,0,0,0,0,0,0,0,0,0,0,0,0,0,0,0,0,0,0,0,0,0,Low,0.6154,moderate
36,34,14,Aceh,Pantai Lampuuk,Tekong/Nahkoda,Perahu motor tempel,8,"Wn-1, Wn-4, Wn-9",18.0,14,0,0,0,0,0,1,0,1,1,0,0,1,0,0,0,0,0,0,0,0,0,0,0,0,0,0,0,0,0,0,0,0,0,0,0,0,0,0,0,0,0,0,0,0,0,0,0,0,0,0,0,0,0,0,0,0,0,0,0,0,0,0,0,0,0,0,4,Medium,1.0,high
37,34,14,Aceh,Pantai Lampuuk,Tekong/Nahkoda,Perahu motor tempel,4,Wth-1,5.0,14,0,0,0,0,0,0,0,0,0,0,0,0,0,0,0,0,0,0,0,0,0,0,0,0,0,0,0,0,0,0,0,0,0,0,0,0,0,0,0,0,0,0,0,0,0,0,0,0,0,0,0,0,0,0,0,0,0,0,0,0,0,0,0,0,0,0,0,Low,0.6154,moderate
38,42,21,Aceh,Pantai Lampuuk,Anak Buah Kapal (ABK) ,Perahu motor tempel,4,"Wn-2, Wn-6, Wn-10",18.0,21,0,0,0,0,0,0,0,0,0,0,0,0,0,0,0,0,0,0,0,0,0,0,0,0,0,0,0,0,0,0,0,0,0,0,0,0,0,0,0,0,0,0,0,0,0,0,0,0,0,0,0,0,0,1,0,0,0,1,0,0,0,0,0,0,0,0,2,Medium,1.0,high
39,42,21,Aceh,Pantai Lampuuk,Anak Buah Kapal (ABK) ,Perahu motor tempel,5,Wv-1,5.5,21,0,0,0,0,0,0,0,0,0,0,0,0,0,0,0,0,0,0,0,0,0,0,0,0,0,0,0,0,0,0,0,0,0,0,0,0,0,0,0,0,0,0,0,0,0,0,0,0,0,0,0,0,0,0,0,0,0,0,0,0,0,0,0,0,0,0,0,Low,0.7333,high
40,42,21,Aceh,Pantai Lampuuk,Anak Buah Kapal (ABK) ,Perahu motor tempel,6,Wth-1,3.5,21,0,0,0,0,0,0,0,0,0,0,0,0,0,0,0,0,0,0,0,0,0,0,0,0,0,0,0,0,0,0,0,0,0,0,0,0,0,0,0,0,0,0,0,0,0,0,0,0,0,0,0,0,0,0,0,0,0,0,0,0,0,0,0,0,0,0,0,Low,0.7692,high
41,45,21,Aceh,Pantai Lampuuk,Juragan kapal,Perahu motor tempel,5,Wv-1,5.5,21,0,0,0,0,0,0,0,0,0,0,0,0,0,0,0,0,0,0,0,0,0,0,0,0,0,0,0,0,0,0,0,0,0,0,0,0,0,0,0,0,0,0,0,0,0,0,0,0,0,0,0,0,0,0,0,0,0,0,0,0,0,0,0,0,0,0,0,Low,0.8571,high
42,45,21,Aceh,Pantai Lampuuk,Juragan kapal,Perahu motor tempel,4,"Cr-1, Cr-2",3.5,21,0,0,0,0,0,0,0,0,0,0,0,0,0,0,0,0,0,0,0,0,0,0,0,0,0,0,0,0,0,0,0,0,0,0,0,0,0,0,0,0,0,0,0,0,0,0,0,0,0,0,0,0,0,0,0,0,0,0,0,0,0,0,0,0,0,0,0,Low,0.75,high
43,56,27,Aceh,Pantai Lampuuk,Anak Buah Kapal (ABK) ,Perahu motor tempel,1,"Ts-1, Ts-2, Ts-4, Ts-5",30.0,27,0,0,0,0,0,0,0,0,0,0,0,0,0,0,0,0,0,0,0,0,1,0,0,1,1,1,0,0,1,1,1,0,0,1,1,1,0,0,0,0,0,0,0,0,0,0,0,0,1,0,0,0,0,0,0,0,0,0,0,0,0,0,0,0,0,0,11,High,1.0,high
44,56,27,Aceh,Pantai Lampuuk,Anak Buah Kapal (ABK) ,Perahu motor tempel,7,"Wn-3, Wn-8, Wn-9",18.0,27,1,1,0,1,0,0,0,0,0,0,0,0,0,0,0,0,0,0,0,0,0,0,0,0,0,0,0,0,0,0,0,0,0,0,0,0,0,0,0,0,0,0,0,0,1,0,0,0,0,0,0,0,0,0,0,0,0,0,0,0,0,0,0,0,0,0,4,Medium,1.0,high
45,56,27,Aceh,Pantai Lampuuk,Anak Buah Kapal (ABK) ,Perahu motor tempel,2,Td-1,22.0,27,0,0,0,0,0,0,0,0,0,0,0,0,0,0,0,0,0,0,0,0,0,0,0,0,0,0,0,0,0,0,0,0,0,0,0,0,0,0,0,0,0,0,0,0,0,0,0,0,0,0,0,0,0,0,0,0,0,0,0,0,0,0,0,0,0,0,0,Low,1.0,high
46,40,11,Aceh,Pantai Lampuuk,Anak Buah Kapal (ABK) ,Perahu motor tempel,1,"Ts-1, Ts-2, Ts-5, Ts-7",30.0,11,0,0,0,0,0,0,0,0,0,0,0,0,0,0,0,0,0,0,0,0,1,0,0,1,0,0,0,0,1,0,0,0,0,1,0,0,0,0,0,0,1,0,0,0,0,0,0,0,0,0,0,0,0,0,0,0,0,0,0,0,0,0,0,0,0,0,5,High,1.0,high
47,40,11,Aceh,Pantai Lampuuk,Anak Buah Kapal (ABK) ,Perahu motor tempel,8,"Wn-4, Wn-7, Wn-8",5.5,11,0,0,0,0,0,0,0,0,0,0,0,0,0,0,0,0,0,0,0,0,0,0,0,0,0,0,0,0,0,0,0,0,0,0,0,0,0,0,0,0,0,0,0,0,0,0,0,0,0,0,0,0,0,0,0,0,0,0,0,0,0,0,0,0,0,0,0,Low,0.5,moderate
48,38,9,Aceh,Pantai Lampuuk,Anak Buah Kapal (ABK) ,Perahu motor tempel,5,Wv-1,3.5,9,0,0,0,0,0,0,0,0,0,0,0,0,0,0,0,0,0,0,0,0,0,0,0,0,0,0,0,0,0,0,0,0,0,0,0,0,0,0,0,0,0,0,0,0,0,0,0,0,0,0,0,0,0,0,0,0,0,0,0,0,0,0,0,0,0,0,0,Low,0.7778,high
49,38,9,Aceh,Pantai Lampuuk,Anak Buah Kapal (ABK) ,Perahu motor tempel,4,Wth-1,3.5,9,0,0,0,0,0,0,0,0,0,0,0,0,0,0,0,0,0,0,0,0,0,0,0,0,0,0,0,0,0,0,0,0,0,0,0,0,0,0,0,0,0,0,0,0,0,0,0,0,0,0,0,0,0,0,0,0,0,0,0,0,0,0,0,0,0,0,0,Low,1.0,high
50,47,14,Aceh,Pantai Lampuuk,Juragan kapal,Perahu motor tempel,6,Wv-1,5.5,14,0,0,0,0,0,0,0,0,0,0,0,0,0,0,0,0,0,0,0,0,0,0,0,0,0,0,0,0,0,0,0,0,0,0,0,0,0,0,0,0,0,0,0,0,0,0,0,0,0,0,0,0,0,0,0,0,0,0,0,0,0,0,0,0,0,0,0,Low,0.875,high
51,47,14,Aceh,Pantai Lampuuk,Juragan kapal,Perahu motor tempel,4,"Cr-1, Cr-2",3.5,14,0,0,0,0,0,0,0,0,0,0,0,0,0,0,0,0,0,0,0,0,0,0,0,0,0,0,0,0,0,0,0,0,0,0,0,0,0,0,0,0,0,0,0,0,0,0,0,0,0,0,0,0,0,0,0,0,0,0,0,0,0,0,0,0,0,0,0,Low,0.5556,moderate
52,29,9,Aceh,Pantai Lampuuk,Anak Buah Kapal (ABK) ,Perahu motor tempel,1,"Ts-1, Ts-2, Ts-3, Ts-5",30.0,9,0,0,0,0,0,0,0,0,0,0,0,0,0,0,0,0,0,0,0,0,1,1,1,1,0,0,1,1,1,0,0,1,1,1,0,0,1,0,0,0,0,0,0,0,0,0,0,0,0,0,0,0,0,0,0,0,0,0,0,0,0,0,0,0,0,0,11,High,1.0,high
53,29,9,Aceh,Pantai Lampuuk,Anak Buah Kapal (ABK) ,Perahu motor tempel,3,"Td-1, Td-3",20.0,9,0,0,0,0,0,0,0,0,0,0,0,0,0,0,0,0,0,0,0,0,0,0,0,0,0,0,0,0,0,0,0,0,0,0,0,0,0,0,0,0,0,0,0,0,0,0,0,0,0,0,0,0,0,0,0,0,0,0,0,0,0,0,0,0,0,0,0,Low,0.25,low
54,30,10,Aceh,Pantai Lampuuk,Tekong/Nahkoda,Perahu motor tempel,4,"Cr-1, Cr-3",3.5,10,0,0,0,0,0,0,0,0,0,0,0,0,0,0,0,0,0,0,0,0,0,0,0,0,0,0,0,0,0,0,0,0,0,0,0,0,0,0,0,0,0,0,1,0,0,0,0,0,0,0,0,0,0,0,0,0,0,0,0,0,0,0,0,0,0,0,1,Low,0.75,high
55,47,12,Aceh,Pantai Lampuuk,Anak Buah Kapal (ABK) ,Perahu motor tempel,8,"Wn-4, Wn-7, Wn-8",5.5,12,0,0,0,0,0,0,0,0,0,0,0,0,0,0,0,0,0,0,0,0,0,0,0,0,0,0,0,0,0,0,0,0,0,0,0,0,0,0,0,0,0,0,0,0,0,0,0,0,0,0,0,0,0,0,0,0,0,0,0,0,0,0,0,0,0,0,0,Low,0.7143,high
56,47,12,Aceh,Pantai Lampuuk,Anak Buah Kapal (ABK) ,Perahu motor tempel,5,Wv-2,5.5,12,0,0,0,0,0,0,0,0,0,0,0,0,0,0,0,0,0,0,0,0,0,0,0,0,0,0,0,0,0,0,0,0,0,0,0,0,0,0,0,0,0,0,0,0,0,0,0,0,0,0,0,0,0,0,0,0,0,0,0,0,0,0,0,0,0,0,0,Low,0.8571,high
57,57,21,Aceh,Pantai Lampuuk,Tekong/Nahkoda,Perahu motor tempel,1,"Ts-3, Ts-4, Ts-6, Ts-7",30.0,21,0,0,0,0,0,0,0,0,0,0,0,0,0,0,0,0,0,0,0,0,0,0,0,0,0,0,0,0,0,0,0,0,0,0,0,0,0,1,1,1,0,0,0,0,0,0,0,0,0,0,1,1,1,0,0,0,0,0,0,0,0,0,1,0,0,0,7,High,1.0,high
58,57,21,Aceh,Pantai Lampuuk,Tekong/Nahkoda,Perahu motor tempel,3,Wv-2,5.5,21,0,0,0,0,0,0,0,0,0,0,0,0,0,0,0,0,0,0,0,0,0,0,0,0,0,0,0,0,0,0,0,0,0,0,0,0,0,0,0,0,0,0,0,0,0,0,0,0,0,0,0,0,0,0,0,0,0,0,0,0,0,0,0,0,0,0,0,Low,0.4286,moderate
59,57,21,Aceh,Pantai Lampuuk,Tekong/Nahkoda,Perahu motor tempel,6,"Td-1, Td-3",22.0,21,0,0,0,0,0,0,0,0,0,0,0,0,0,0,0,0,0,0,0,0,0,0,0,0,0,0,0,0,0,0,0,0,0,0,0,0,0,0,0,0,0,0,0,0,0,0,0,0,0,0,0,0,0,0,0,0,0,0,0,0,0,0,0,0,0,0,0,Low,0.4286,moderate
60,27,7,Aceh,Pantai Lampuuk,Anak Buah Kapal (ABK) ,Perahu motor tempel,5,Wv-1,5.5,7,0,0,0,0,0,0,0,0,0,0,0,0,0,0,0,0,0,0,0,0,0,0,0,0,0,0,0,0,0,0,0,0,0,0,0,0,0,0,0,0,0,0,0,0,0,0,0,0,0,0,0,0,0,0,0,0,0,0,0,0,0,0,0,0,0,0,0,Low,0.7,moderate
61,27,7,Aceh,Pantai Lampuuk,Anak Buah Kapal (ABK) ,Perahu motor tempel,4,"Cr-1, Cr-3",3.5,7,0,0,0,0,0,0,0,0,0,0,0,0,0,0,0,0,0,0,0,0,0,0,0,0,0,0,0,0,0,0,0,0,0,0,0,0,0,0,0,0,0,0,1,0,0,0,0,0,0,0,0,0,0,0,0,0,0,0,0,0,0,0,0,0,0,0,1,Low,0.8332999999999999,high
62,27,7,Aceh,Pantai Lampuuk,Anak Buah Kapal (ABK) ,Perahu motor tempel,2,"Td-1, Td-3",22.0,7,0,0,0,0,0,0,0,0,0,0,0,0,0,0,0,0,0,0,0,0,0,0,0,0,0,0,0,0,0,0,0,0,0,0,0,0,0,0,0,0,0,0,0,0,0,0,0,0,0,0,0,0,0,0,0,0,0,0,0,0,0,0,0,0,0,0,0,Low,1.0,high
63,37,12,Aceh,Pantai Lampuuk,Anak Buah Kapal (ABK) ,Perahu motor tempel,4,"Wn-2, Wn-5, Wn-8",18.0,12,0,0,0,0,0,0,0,0,0,0,0,0,0,0,0,0,0,0,0,0,0,0,0,0,0,0,0,0,0,0,0,0,0,0,0,0,0,0,0,0,0,0,0,0,0,0,0,0,0,0,0,0,0,0,1,1,1,0,0,0,0,1,0,0,0,0,4,Medium,0.6667000000000001,moderate
64,37,12,Aceh,Pantai Lampuuk,Anak Buah Kapal (ABK) ,Perahu motor tempel,8,"Cr-1, Cr-2",4.0,12,0,0,0,0,0,0,0,0,0,0,0,0,0,0,0,0,0,0,0,0,0,0,0,0,0,0,0,0,0,0,0,0,0,0,0,0,0,0,0,0,0,0,0,0,0,0,0,0,0,0,0,0,0,0,0,0,0,0,0,0,0,0,0,0,0,0,0,Low,0.9,high
65,39,13,Aceh,Pantai Lampuuk,Tekong/Nahkoda,Perahu motor tempel,3,Wv-2,5.5,13,0,0,0,0,0,0,0,0,0,0,0,0,0,0,0,0,0,0,0,0,0,0,0,0,0,0,0,0,0,0,0,0,0,0,0,0,0,0,0,0,0,0,0,0,0,0,0,0,0,0,0,0,0,0,0,0,0,0,0,0,0,0,0,0,0,0,0,Low,1.0,high
66,39,13,Aceh,Pantai Lampuuk,Tekong/Nahkoda,Perahu motor tempel,6,Wth-1,5.5,13,0,0,0,0,0,0,0,0,0,0,0,0,0,0,0,0,0,0,0,0,0,0,0,0,0,0,0,0,0,0,0,0,0,0,0,0,0,0,0,0,0,0,0,0,0,0,0,0,0,0,0,0,0,0,0,0,0,0,0,0,0,0,0,0,0,0,0,Low,1.0,high
67,38,8,Aceh,Pantai Lampuuk,Anak Buah Kapal (ABK) ,Perahu motor tempel,8,"Wn-8, Wn-11, Wn-14",5.5,8,0,0,0,0,0,0,0,0,0,0,0,0,0,0,0,0,0,0,0,0,0,0,0,0,0,0,0,0,0,0,0,0,0,0,0,0,0,0,0,0,0,0,0,0,0,1,0,0,0,0,0,0,0,0,0,0,0,0,0,0,0,0,0,0,0,0,1,Low,1.0,high
68,38,8,Aceh,Pantai Lampuuk,Anak Buah Kapal (ABK) ,Perahu motor tempel,2,Td-1,22.0,8,0,0,0,0,0,0,0,0,0,0,0,0,0,0,0,0,0,0,0,0,0,0,0,0,0,0,0,0,0,0,0,0,0,0,0,0,0,0,0,0,0,0,0,0,0,0,0,0,0,0,0,0,0,0,0,0,0,0,0,0,0,0,0,0,0,0,0,Low,0.5,moderate
69,45,15,Aceh,Pantai Lampuuk,Tekong/Nahkoda,Perahu motor tempel,1,"Ts-1, Ts-2, Ts-4, Ts-5",30.0,15,0,0,0,0,0,0,0,0,0,0,0,0,0,0,0,0,0,0,0,0,1,0,0,1,1,1,0,0,1,1,1,0,0,1,1,1,0,0,0,0,0,0,0,0,0,0,0,0,1,0,0,0,0,0,0,0,0,0,0,0,0,0,0,0,0,0,11,High,1.0,high
70,45,15,Aceh,Pantai Lampuuk,Tekong/Nahkoda,Perahu motor tempel,3,"Td-1, Td-2",20.0,15,0,0,0,0,0,0,0,0,0,0,0,0,0,0,0,0,0,0,0,0,0,0,0,0,0,0,0,0,0,0,0,0,0,0,0,0,0,0,0,0,0,0,0,0,0,0,0,0,0,0,0,0,0,0,0,0,0,0,0,0,0,0,0,0,0,0,0,Low,0.75,high
71,44,21,Aceh,Pantai Lampuuk,Anak Buah Kapal (ABK) ,Perahu motor tempel,8,"Wn-12, Wn-13, Wn-16",18.0,21,0,0,0,0,0,0,0,0,0,0,0,0,0,0,0,0,0,0,0,0,0,0,0,0,0,0,0,0,0,0,0,0,0,0,0,0,0,0,0,0,0,0,0,0,0,0,0,0,0,0,0,0,0,0,0,0,0,0,0,0,0,0,0,1,0,1,2,Medium,0.9333,high
72,44,21,Aceh,Pantai Lampuuk,Anak Buah Kapal (ABK) ,Perahu motor tempel,4,"Cr-1, Cr-2",3.5,21,0,0,0,0,0,0,0,0,0,0,0,0,0,0,0,0,0,0,0,0,0,0,0,0,0,0,0,0,0,0,0,0,0,0,0,0,0,0,0,0,0,0,0,0,0,0,0,0,0,0,0,0,0,0,0,0,0,0,0,0,0,0,0,0,0,0,0,Low,0.8,high
73,33,12,Aceh,Pantai Lampuuk,Anak Buah Kapal (ABK) ,Perahu motor tempel,5,Wv-1,5.5,12,0,0,0,0,0,0,0,0,0,0,0,0,0,0,0,0,0,0,0,0,0,0,0,0,0,0,0,0,0,0,0,0,0,0,0,0,0,0,0,0,0,0,0,0,0,0,0,0,0,0,0,0,0,0,0,0,0,0,0,0,0,0,0,0,0,0,0,Low,0.7333,high
74,60,30,Aceh,Pantai Lampuuk,Juragan kapal,Perahu motor tempel,1,"Ts-3, Ts-4, Ts-5, Ts-6",30.0,30,0,0,0,0,0,0,0,0,0,0,0,0,0,0,0,0,0,0,0,0,0,0,0,0,0,0,0,0,0,0,0,0,0,0,0,0,1,1,1,1,0,1,0,0,0,0,0,0,1,1,1,0,0,0,0,0,0,0,0,0,0,0,0,0,0,0,8,High,1.0,high
75,60,30,Aceh,Pantai Lampuuk,Juragan kapal,Perahu motor tempel,6,Td-1,20.0,30,0,0,0,0,0,0,0,0,0,0,0,0,0,0,0,0,0,0,0,0,0,0,0,0,0,0,0,0,0,0,0,0,0,0,0,0,0,0,0,0,0,0,0,0,0,0,0,0,0,0,0,0,0,0,0,0,0,0,0,0,0,0,0,0,0,0,0,Low,0.43479999999999996,moderate
76,42,15,Aceh,Pantai Lampuuk,Tekong/Nahkoda,Perahu motor tempel,6,Wv-1,5.5,15,0,0,0,0,0,0,0,0,0,0,0,0,0,0,0,0,0,0,0,0,0,0,0,0,0,0,0,0,0,0,0,0,0,0,0,0,0,0,0,0,0,0,0,0,0,0,0,0,0,0,0,0,0,0,0,0,0,0,0,0,0,0,0,0,0,0,0,Low,0.7333,high
77,42,15,Aceh,Pantai Lampuuk,Tekong/Nahkoda,Perahu motor tempel,4,Wth-1,3.5,15,0,0,0,0,0,0,0,0,0,0,0,0,0,0,0,0,0,0,0,0,0,0,0,0,0,0,0,0,0,0,0,0,0,0,0,0,0,0,0,0,0,0,0,0,0,0,0,0,0,0,0,0,0,0,0,0,0,0,0,0,0,0,0,0,0,0,0,Low,0.6154,moderate
78,42,15,Aceh,Pantai Lampuuk,Tekong/Nahkoda,Perahu motor tempel,6,Td-1,20.0,15,0,0,0,0,0,0,0,0,0,0,0,0,0,0,0,0,0,0,0,0,0,0,0,0,0,0,0,0,0,0,0,0,0,0,0,0,0,0,0,0,0,0,0,0,0,0,0,0,0,0,0,0,0,0,0,0,0,0,0,0,0,0,0,0,0,0,0,Low,0.6667000000000001,moderate
79,37,10,Aceh,Pantai Lampuuk,Anak Buah Kapal (ABK) ,Perahu motor tempel,4,"Cr-1, Cr-4",3.5,10,0,0,0,0,0,0,0,0,0,0,0,0,0,0,0,0,0,0,0,0,0,0,0,0,0,0,0,0,0,0,0,0,0,0,0,0,0,0,0,0,0,0,0,1,0,0,0,0,0,0,0,0,0,0,0,0,0,0,0,0,0,0,0,0,0,0,1,Low,0.8889,high
80,37,10,Aceh,Pantai Lampuuk,Anak Buah Kapal (ABK) ,Perahu motor tempel,2,"Td-1, Td-2",22.0,10,0,0,0,0,0,0,0,0,0,0,0,0,0,0,0,0,0,0,0,0,0,0,0,0,0,0,0,0,0,0,0,0,0,0,0,0,0,0,0,0,0,0,0,0,0,0,0,0,0,0,0,0,0,0,0,0,0,0,0,0,0,0,0,0,0,0,0,Low,0.5,moderate
81,41,14,Aceh,Pantai Lampuuk,Anak Buah Kapal (ABK) ,Perahu motor tempel,4,"Wn-5, Wn-7, Wn-13",18.0,14,0,0,0,0,0,0,0,0,0,0,0,0,0,0,0,0,0,0,0,0,0,0,0,0,0,0,0,0,0,0,0,0,0,0,0,0,0,0,0,0,0,0,0,0,0,0,0,0,0,0,0,0,0,0,0,0,0,0,0,0,0,0,0,0,0,0,0,Low,1.0,high
82,41,14,Aceh,Pantai Lampuuk,Anak Buah Kapal (ABK) ,Perahu motor tempel,4,Wth-1,3.5,14,0,0,0,0,0,0,0,0,0,0,0,0,0,0,0,0,0,0,0,0,0,0,0,0,0,0,0,0,0,0,0,0,0,0,0,0,0,0,0,0,0,0,0,0,0,0,0,0,0,0,0,0,0,0,0,0,0,0,0,0,0,0,0,0,0,0,0,Low,0.6154,moderate
83,35,8,Aceh,Pantai Lampuuk,Anak Buah Kapal (ABK) ,Perahu motor tempel,8,"Wn-7, Wn-9, Wn-11",18.0,14,0,0,0,0,0,0,0,0,0,0,0,0,0,0,0,0,0,0,0,0,0,0,0,0,0,0,0,0,0,0,0,0,0,0,0,0,0,0,0,0,0,0,0,0,0,0,0,0,0,0,0,0,0,0,0,0,0,0,0,0,0,0,0,0,0,0,0,Low,1.0,high
84,35,8,Aceh,Pantai Lampuuk,Anak Buah Kapal (ABK) ,Perahu motor tempel,5,Wv-1,5.5,8,0,0,0,0,0,0,0,0,0,0,0,0,0,0,0,0,0,0,0,0,0,0,0,0,0,0,0,0,0,0,0,0,0,0,0,0,0,0,0,0,0,0,0,0,0,0,0,0,0,0,0,0,0,0,0,0,0,0,0,0,0,0,0,0,0,0,0,Low,0.7333,high
85,35,8,Aceh,Pantai Lampuuk,Anak Buah Kapal (ABK) ,Perahu motor tempel,4,Wth-1,3.5,8,0,0,0,0,0,0,0,0,0,0,0,0,0,0,0,0,0,0,0,0,0,0,0,0,0,0,0,0,0,0,0,0,0,0,0,0,0,0,0,0,0,0,0,0,0,0,0,0,0,0,0,0,0,0,0,0,0,0,0,0,0,0,0,0,0,0,0,Low,0.6154,moderate
86,33,7,Aceh,Pantai Lampuuk,Anak Buah Kapal (ABK) ,Perahu motor tempel,5,Wth-2,3.0,7,0,0,0,0,0,0,0,0,0,0,0,0,0,0,0,0,0,0,0,0,0,0,0,0,0,0,0,0,0,0,0,0,0,0,0,0,0,0,0,0,0,0,0,0,0,0,0,0,0,0,0,0,0,0,0,0,0,0,0,0,0,0,0,0,0,0,0,Low,0.8,high
87,33,7,Aceh,Pantai Lampuuk,Anak Buah Kapal (ABK) ,Perahu motor tempel,2,Td-1,22.0,7,0,0,0,0,0,0,0,0,0,0,0,0,0,0,0,0,0,0,0,0,0,0,0,0,0,0,0,0,0,0,0,0,0,0,0,0,0,0,0,0,0,0,0,0,0,0,0,0,0,0,0,0,0,0,0,0,0,0,0,0,0,0,0,0,0,0,0,Low,0.5882000000000001,moderate
88,28,4,Aceh,Pantai Lampuuk,Anak Buah Kapal (ABK) ,Perahu motor tempel,4,"Wn-2, Wn-5, Wn-10",18.0,4,0,0,0,0,0,0,0,0,0,0,0,0,0,0,0,0,0,0,0,0,0,0,0,0,0,0,0,0,0,0,0,0,0,0,0,0,0,0,0,0,0,0,0,0,0,0,0,0,0,0,0,0,0,0,1,0,0,1,0,0,0,0,0,0,0,0,2,Medium,1.0,high
89,28,4,Aceh,Pantai Lampuuk,Anak Buah Kapal (ABK) ,Perahu motor tempel,5,Wv-2,5.5,4,0,0,0,0,0,0,0,0,0,0,0,0,0,0,0,0,0,0,0,0,0,0,0,0,0,0,0,0,0,0,0,0,0,0,0,0,0,0,0,0,0,0,0,0,0,0,0,0,0,0,0,0,0,0,0,0,0,0,0,0,0,0,0,0,0,0,0,Low,0.8,high
90,45,11,Aceh,Pantai Lampuuk,Juragan kapal,Perahu motor tempel,4,"Cr-1, Cr-4",3.5,11,0,0,0,0,0,0,0,0,0,0,0,0,0,0,0,0,0,0,0,0,0,0,0,0,0,0,0,0,0,0,0,0,0,0,0,0,0,0,0,0,0,0,0,1,0,0,0,0,0,0,0,0,0,0,0,0,0,0,0,0,0,0,0,0,0,0,1,Low,0.8,high
91,45,11,Aceh,Pantai Lampuuk,Juragan kapal,Perahu motor tempel,5,Td-1,18.0,11,0,0,0,0,0,0,0,0,0,0,0,0,0,0,0,0,0,0,0,0,0,0,0,0,0,0,0,0,0,0,0,0,0,0,0,0,0,0,0,0,0,0,0,0,0,0,0,0,0,0,0,0,0,0,0,0,0,0,0,0,0,0,0,0,0,0,0,Low,0.6667000000000001,moderate
92,47,15,Aceh,Pantai Lampuuk,Juragan kapal,Perahu motor tempel,6,Wth-1,5.0,15,0,0,0,0,0,0,0,0,0,0,0,0,0,0,0,0,0,0,0,0,0,0,0,0,0,0,0,0,0,0,0,0,0,0,0,0,0,0,0,0,0,0,0,0,0,0,0,0,0,0,0,0,0,0,0,0,0,0,0,0,0,0,0,0,0,0,0,Low,0.8,high
93,47,15,Aceh,Pantai Lampuuk,Juragan kapal,Perahu motor tempel,4,"Cr-2, Cr-3",3.5,15,0,0,0,0,0,0,0,0,0,0,0,0,0,0,0,0,0,0,0,0,0,0,0,0,0,0,0,0,0,0,0,0,0,0,0,0,0,0,0,0,0,0,0,0,0,0,0,0,0,0,0,0,0,0,0,0,0,0,0,0,0,0,0,0,0,0,0,Low,1.0,high
94,47,15,Aceh,Pantai Lampuuk,Juragan kapal,Perahu motor tempel,2,"Td-1, Td-2",22.0,15,0,0,0,0,0,0,0,0,0,0,0,0,0,0,0,0,0,0,0,0,0,0,0,0,0,0,0,0,0,0,0,0,0,0,0,0,0,0,0,0,0,0,0,0,0,0,0,0,0,0,0,0,0,0,0,0,0,0,0,0,0,0,0,0,0,0,0,Low,0.6667000000000001,moderate
95,29,8,Aceh,Pantai Lampuuk,Anak Buah Kapal (ABK) ,Perahu motor tempel,5,"Wn-8, Wn-9, Wn-10",6.0,8,0,0,0,0,0,0,0,0,0,0,0,0,0,0,0,0,0,0,1,0,0,0,0,0,0,0,0,0,0,0,0,0,0,0,0,0,0,0,0,0,0,0,0,0,1,0,0,0,0,0,0,0,0,0,0,0,0,0,0,0,0,0,0,0,0,0,2,Medium,1.0,high
96,29,8,Aceh,Pantai Lampuuk,Anak Buah Kapal (ABK) ,Perahu motor tempel,4,Wth-1,3.5,8,0,0,0,0,0,0,0,0,0,0,0,0,0,0,0,0,0,0,0,0,0,0,0,0,0,0,0,0,0,0,0,0,0,0,0,0,0,0,0,0,0,0,0,0,0,0,0,0,0,0,0,0,0,0,0,0,0,0,0,0,0,0,0,0,0,0,0,Low,0.6154,moderate
97,39,9,Aceh,Pantai Lampuuk,Anak Buah Kapal (ABK) ,Perahu motor tempel,5,Wv-1,5.5,9,0,0,0,0,0,0,0,0,0,0,0,0,0,0,0,0,0,0,0,0,0,0,0,0,0,0,0,0,0,0,0,0,0,0,0,0,0,0,0,0,0,0,0,0,0,0,0,0,0,0,0,0,0,0,0,0,0,0,0,0,0,0,0,0,0,0,0,Low,0.6667000000000001,moderate
98,39,9,Aceh,Pantai Lampuuk,Anak Buah Kapal (ABK) ,Perahu motor tempel,3,"Td-1, Td-2",20.0,9,0,0,0,0,0,0,0,0,0,0,0,0,0,0,0,0,0,0,0,0,0,0,0,0,0,0,0,0,0,0,0,0,0,0,0,0,0,0,0,0,0,0,0,0,0,0,0,0,0,0,0,0,0,0,0,0,0,0,0,0,0,0,0,0,0,0,0,Low,0.6667000000000001,moderate
99,37,8,Aceh,Pantai Lampuuk,Anak Buah Kapal (ABK) ,Perahu motor tempel,4,Wv-1,5.5,8,0,0,0,0,0,0,0,0,0,0,0,0,0,0,0,0,0,0,0,0,0,0,0,0,0,0,0,0,0,0,0,0,0,0,0,0,0,0,0,0,0,0,0,0,0,0,0,0,0,0,0,0,0,0,0,0,0,0,0,0,0,0,0,0,0,0,0,Low,0.5832999999999999,moderate
100,37,8,Aceh,Pantai Lampuuk,Anak Buah Kapal (ABK) ,Perahu motor tempel,2,"Td-1, Td-2",20.0,8,0,0,0,0,0,0,0,0,0,0,0,0,0,0,0,0,0,0,0,0,0,0,0,0,0,0,0,0,0,0,0,0,0,0,0,0,0,0,0,0,0,0,0,0,0,0,0,0,0,0,0,0,0,0,0,0,0,0,0,0,0,0,0,0,0,0,0,Low,0.6667000000000001,moderate
101,35,7,Aceh,Pantai Lampuuk,Anak Buah Kapal (ABK) ,Perahu motor tempel,5,Wv-1,5.5,7,0,0,0,0,0,0,0,0,0,0,0,0,0,0,0,0,0,0,0,0,0,0,0,0,0,0,0,0,0,0,0,0,0,0,0,0,0,0,0,0,0,0,0,0,0,0,0,0,0,0,0,0,0,0,0,0,0,0,0,0,0,0,0,0,0,0,0,Low,0.8,high
102,35,7,Aceh,Pantai Lampuuk,Anak Buah Kapal (ABK) ,Perahu motor tempel,4,Wth-1,3.5,7,0,0,0,0,0,0,0,0,0,0,0,0,0,0,0,0,0,0,0,0,0,0,0,0,0,0,0,0,0,0,0,0,0,0,0,0,0,0,0,0,0,0,0,0,0,0,0,0,0,0,0,0,0,0,0,0,0,0,0,0,0,0,0,0,0,0,0,Low,0.5385,moderate
103,45,10,Aceh,Pantai Lampuuk,Tekong/Nahkoda,Perahu motor tempel,6,"Wn-2, Wn-7, Wn-14",18.0,15,0,0,0,0,0,0,0,0,0,0,0,0,0,0,0,0,0,0,0,1,0,0,0,0,0,0,0,0,0,0,0,0,0,0,0,0,0,0,0,0,0,0,0,0,0,0,0,0,0,0,0,0,0,0,0,0,0,0,1,1,1,0,0,0,0,0,4,Medium,1.0,high
104,45,10,Aceh,Pantai Lampuuk,Tekong/Nahkoda,Perahu motor tempel,5,Wv-2,5.5,15,0,0,0,0,0,0,0,0,0,0,0,0,0,0,0,0,0,0,0,0,0,0,0,0,0,0,0,0,0,0,0,0,0,0,0,0,0,0,0,0,0,0,0,0,0,0,0,0,0,0,0,0,0,0,0,0,0,0,0,0,0,0,0,0,0,0,0,Low,0.7692,high
105,45,10,Aceh,Pantai Lampuuk,Tekong/Nahkoda,Perahu motor tempel,3,"Td-1, Td-2",20.0,15,0,0,0,0,0,0,0,0,0,0,0,0,0,0,0,0,0,0,0,0,0,0,0,0,0,0,0,0,0,0,0,0,0,0,0,0,0,0,0,0,0,0,0,0,0,0,0,0,0,0,0,0,0,0,0,0,0,0,0,0,0,0,0,0,0,0,0,Low,0.8332999999999999,high
106,44,12,Aceh,Pantai Lampuuk,Anak Buah Kapal (ABK) ,Perahu motor tempel,8,Wv-1,4.0,12,0,0,0,0,0,0,0,0,0,0,0,0,0,0,0,0,0,0,0,0,0,0,0,0,0,0,0,0,0,0,0,0,0,0,0,0,0,0,0,0,0,0,0,0,0,0,0,0,0,0,0,0,0,0,0,0,0,0,0,0,0,0,0,0,0,0,0,Low,1.0,high
107,44,12,Aceh,Pantai Lampuuk,Anak Buah Kapal (ABK) ,Perahu motor tempel,4,Wth-1,6.0,12,0,0,0,0,0,0,0,0,0,0,0,0,0,0,0,0,0,0,0,0,0,0,0,0,0,0,0,0,0,0,0,0,0,0,0,0,0,0,0,0,0,0,0,0,0,0,0,0,0,0,0,0,0,0,0,0,0,0,0,0,0,0,0,0,0,0,0,Low,0.75,high
108,44,12,Aceh,Pantai Lampuuk,Anak Buah Kapal (ABK) ,Perahu motor tempel,7,"Cr-1, Cr-3",3.5,12,0,0,0,0,0,0,0,0,0,0,0,0,0,0,0,0,0,0,0,0,0,0,0,0,0,0,0,0,0,0,0,0,0,0,0,0,0,0,0,0,0,0,1,0,0,0,0,0,0,0,0,0,0,0,0,0,0,0,0,0,0,0,0,0,0,0,1,Low,0.6667000000000001,moderate
109,47,14,Aceh,Pantai Lampuuk,Tekong/Nahkoda,Perahu motor tempel,2,Wv-2,18.0,14,0,0,0,0,0,0,0,0,0,0,0,0,0,0,0,0,0,0,0,0,0,0,0,0,0,0,0,0,0,0,0,0,0,0,0,0,0,0,0,0,0,0,0,0,0,0,0,0,0,0,0,0,0,0,0,0,0,0,0,0,0,0,0,0,0,0,0,Low,0.75,high
110,47,14,Aceh,Pantai Lampuuk,Tekong/Nahkoda,Perahu motor tempel,4,"Td-1, Td-2",20.0,14,0,0,0,0,0,0,0,0,0,0,0,0,0,0,0,0,0,0,0,0,0,0,0,0,0,0,0,0,0,0,0,0,0,0,0,0,0,0,0,0,0,0,0,0,0,0,0,0,0,0,0,0,0,0,0,0,0,0,0,0,0,0,0,0,0,0,0,Low,0.7646999999999999,high
111,28,6,Aceh,Pantai Lampuuk,Anak Buah Kapal (ABK) ,Perahu motor tempel,7,"Cr-1, Cr-3",6.5,6,0,0,0,0,0,0,0,0,0,0,0,0,0,0,0,0,0,0,0,0,0,0,0,0,0,0,0,0,0,0,0,0,0,0,0,0,0,0,0,0,0,0,1,0,0,0,0,0,0,0,0,0,0,0,0,0,0,0,0,0,0,0,0,0,0,0,1,Low,1.0,high
112,28,6,Aceh,Pantai Lampuuk,Anak Buah Kapal (ABK) ,Perahu motor tempel,6,Td-1,20.0,6,0,0,0,0,0,0,0,0,0,0,0,0,0,0,0,0,0,0,0,0,0,0,0,0,0,0,0,0,0,0,0,0,0,0,0,0,0,0,0,0,0,0,0,0,0,0,0,0,0,0,0,0,0,0,0,0,0,0,0,0,0,0,0,0,0,0,0,Low,0.43479999999999996,moderate
113,24,2,Aceh,Pantai Lampuuk,Anak Buah Kapal (ABK) ,Perahu motor tempel,5,"Wn-3, Wn-8, Wn-11",18.0,2,1,0,1,0,1,0,0,0,0,0,0,0,0,0,0,0,0,0,0,0,0,0,0,0,0,0,0,0,0,0,0,0,0,0,0,0,0,0,0,0,0,0,0,0,0,1,0,0,0,0,0,0,0,0,0,0,0,0,0,0,0,0,0,0,0,0,4,Medium,1.0,high
114,24,2,Aceh,Pantai Lampuuk,Anak Buah Kapal (ABK) ,Perahu motor tempel,3,Wv-2,4.5,2,0,0,0,0,0,0,0,0,0,0,0,0,0,0,0,0,0,0,0,0,0,0,0,0,0,0,0,0,0,0,0,0,0,0,0,0,0,0,0,0,0,0,0,0,0,0,0,0,0,0,0,0,0,0,0,0,0,0,0,0,0,0,0,0,0,0,0,Low,0.8,high
115,39,10,Aceh,Pantai Lampuuk,Anak Buah Kapal (ABK) ,Perahu motor tempel,3,Wv-1,5.5,10,0,0,0,0,0,0,0,0,0,0,0,0,0,0,0,0,0,0,0,0,0,0,0,0,0,0,0,0,0,0,0,0,0,0,0,0,0,0,0,0,0,0,0,0,0,0,0,0,0,0,0,0,0,0,0,0,0,0,0,0,0,0,0,0,0,0,0,Low,0.6154,moderate
116,39,10,Aceh,Pantai Lampuuk,Anak Buah Kapal (ABK) ,Perahu motor tempel,6,Wth-1,3.0,10,0,0,0,0,0,0,0,0,0,0,0,0,0,0,0,0,0,0,0,0,0,0,0,0,0,0,0,0,0,0,0,0,0,0,0,0,0,0,0,0,0,0,0,0,0,0,0,0,0,0,0,0,0,0,0,0,0,0,0,0,0,0,0,0,0,0,0,Low,0.7692,high
117,40,15,Aceh,Pantai Lampuuk,Tekong/Nahkoda,Perahu motor tempel,7,"Wn-1, Wn-4, Wn-7, Wn-10",20.0,15,0,0,0,0,0,0,1,1,0,1,1,0,1,1,0,0,0,0,0,0,0,0,0,0,0,0,0,0,0,0,0,0,0,0,0,0,0,0,0,0,0,0,0,0,0,0,0,0,0,0,0,0,0,0,0,0,0,0,0,0,0,0,0,0,0,0,6,High,0.5,moderate
118,40,15,Aceh,Pantai Lampuuk,Tekong/Nahkoda,Perahu motor tempel,4,"Cr-2, Cr-3",3.5,15,0,0,0,0,0,0,0,0,0,0,0,0,0,0,0,0,0,0,0,0,0,0,0,0,0,0,0,0,0,0,0,0,0,0,0,0,0,0,0,0,0,0,0,0,0,0,0,0,0,0,0,0,0,0,0,0,0,0,0,0,0,0,0,0,0,0,0,Low,0.6,moderate
119,55,26,Aceh,Pantai Lampuuk,Juragan kapal,Perahu motor tempel,1,"Ts-4, Ts-5, Ts-6, Ts-7",30.0,26,0,0,0,0,0,0,0,0,0,0,0,0,0,0,0,0,0,0,0,0,0,0,0,0,0,0,0,0,0,0,0,0,0,0,0,0,0,0,0,0,1,1,0,0,0,0,0,0,1,1,1,1,1,0,0,0,0,0,0,0,0,0,1,0,0,0,8,High,1.0,high
120,55,26,Aceh,Pantai Lampuuk,Juragan kapal,Perahu motor tempel,4,"Td-1, Td-2",20.0,26,0,0,0,0,0,0,0,0,0,0,0,0,0,0,0,0,0,0,0,0,0,0,0,0,0,0,0,0,0,0,0,0,0,0,0,0,0,0,0,0,0,0,0,0,0,0,0,0,0,0,0,0,0,0,0,0,0,0,0,0,0,0,0,0,0,0,0,Low,0.875,high
121,27,7,Aceh,Pantai Lampuuk,Anak Buah Kapal (ABK) ,Perahu motor tempel,3,Wth-1,3.5,7,0,0,0,0,0,0,0,0,0,0,0,0,0,0,0,0,0,0,0,0,0,0,0,0,0,0,0,0,0,0,0,0,0,0,0,0,0,0,0,0,0,0,0,0,0,0,0,0,0,0,0,0,0,0,0,0,0,0,0,0,0,0,0,0,0,0,0,Low,0.625,moderate
122,36,13,Aceh,Pantai Lampuuk,Anak Buah Kapal (ABK) ,Perahu motor tempel,6,"Wn-13, Wn-14, Wn-16",18.0,13,0,0,0,0,0,0,0,0,0,0,0,0,0,0,0,0,0,0,0,0,0,0,0,0,0,0,0,0,0,0,0,0,0,0,0,0,0,0,0,0,0,0,0,0,0,0,0,0,0,0,0,0,0,0,0,0,0,0,0,0,0,0,0,0,0,1,1,Low,1.0,high
123,36,13,Aceh,Pantai Lampuuk,Anak Buah Kapal (ABK) ,Perahu motor tempel,5,Wv-1,5.5,13,0,0,0,0,0,0,0,0,0,0,0,0,0,0,0,0,0,0,0,0,0,0,0,0,0,0,0,0,0,0,0,0,0,0,0,0,0,0,0,0,0,0,0,0,0,0,0,0,0,0,0,0,0,0,0,0,0,0,0,0,0,0,0,0,0,0,0,Low,0.7857,high
124,40,15,Aceh,Pantai Lampuuk,Tekong/Nahkoda,Perahu motor tempel,4,"Cr-1, Cr-2",3.5,15,0,0,0,0,0,0,0,0,0,0,0,0,0,0,0,0,0,0,0,0,0,0,0,0,0,0,0,0,0,0,0,0,0,0,0,0,0,0,0,0,0,0,0,0,0,0,0,0,0,0,0,0,0,0,0,0,0,0,0,0,0,0,0,0,0,0,0,Low,0.4,low
125,40,15,Aceh,Pantai Lampuuk,Tekong/Nahkoda,Perahu motor tempel,6,"Td-1, Td-2",18.0,15,0,0,0,0,0,0,0,0,0,0,0,0,0,0,0,0,0,0,0,0,0,0,0,0,0,0,0,0,0,0,0,0,0,0,0,0,0,0,0,0,0,0,0,0,0,0,0,0,0,0,0,0,0,0,0,0,0,0,0,0,0,0,0,0,0,0,0,Low,0.3889,low
126,28,7,Aceh,Pantai Lampuuk,Anak Buah Kapal (ABK) ,Perahu motor tempel,8,"Wn-12, Wn-15, Wn-16",26.0,7,0,0,0,0,0,0,0,0,0,0,0,0,0,0,0,0,0,0,0,0,0,0,0,0,0,0,0,0,0,0,0,0,0,0,0,0,0,0,0,0,0,0,0,0,0,0,0,0,0,0,0,0,0,0,0,0,0,0,0,0,0,0,0,1,1,0,2,Medium,1.0,high
127,28,7,Aceh,Pantai Lampuuk,Anak Buah Kapal (ABK) ,Perahu motor tempel,5,Wth-1,3.5,7,0,0,0,0,0,0,0,0,0,0,0,0,0,0,0,0,0,0,0,0,0,0,0,0,0,0,0,0,0,0,0,0,0,0,0,0,0,0,0,0,0,0,0,0,0,0,0,0,0,0,0,0,0,0,0,0,0,0,0,0,0,0,0,0,0,0,0,Low,0.5832999999999999,moderate
128,28,7,Aceh,Pantai Lampuuk,Anak Buah Kapal (ABK) ,Perahu motor tempel,6,"Cr-1, Cr-2",4.0,7,0,0,0,0,0,0,0,0,0,0,0,0,0,0,0,0,0,0,0,0,0,0,0,0,0,0,0,0,0,0,0,0,0,0,0,0,0,0,0,0,0,0,0,0,0,0,0,0,0,0,0,0,0,0,0,0,0,0,0,0,0,0,0,0,0,0,0,Low,0.6,moderate
129,36,10,Aceh,Pantai Lampuuk,Anak Buah Kapal (ABK) ,Perahu motor tempel,7,"Wn-5, Wn-14, Wn-17",22.0,10,0,0,0,0,0,0,0,0,0,0,0,0,0,0,0,0,0,0,0,0,0,0,0,0,0,0,0,0,0,0,0,0,0,0,0,0,0,0,0,0,0,0,0,0,0,0,0,0,0,0,0,0,0,0,0,0,0,0,0,0,0,0,0,0,0,0,0,Low,1.0,high
130,31,8,Aceh,Pantai Lampuuk,Anak Buah Kapal (ABK) ,Perahu motor tempel,4,Wth-1,3.5,8,0,0,0,0,0,0,0,0,0,0,0,0,0,0,0,0,0,0,0,0,0,0,0,0,0,0,0,0,0,0,0,0,0,0,0,0,0,0,0,0,0,0,0,0,0,0,0,0,0,0,0,0,0,0,0,0,0,0,0,0,0,0,0,0,0,0,0,Low,0.5,moderate
131,42,11,Aceh,Pantai Lampuuk,Tekong/Nahkoda,Perahu motor tempel,4,Wv-1,4.0,11,0,0,0,0,0,0,0,0,0,0,0,0,0,0,0,0,0,0,0,0,0,0,0,0,0,0,0,0,0,0,0,0,0,0,0,0,0,0,0,0,0,0,0,0,0,0,0,0,0,0,0,0,0,0,0,0,0,0,0,0,0,0,0,0,0,0,0,Low,0.6667000000000001,moderate
132,42,11,Aceh,Pantai Lampuuk,Tekong/Nahkoda,Perahu motor tempel,8,"Cr-1, Cr-2",5.5,11,0,0,0,0,0,0,0,0,0,0,0,0,0,0,0,0,0,0,0,0,0,0,0,0,0,0,0,0,0,0,0,0,0,0,0,0,0,0,0,0,0,0,0,0,0,0,0,0,0,0,0,0,0,0,0,0,0,0,0,0,0,0,0,0,0,0,0,Low,0.5333,moderate
133,47,17,Aceh,Pantai Lampuuk,Juragan kapal,Perahu motor tempel,7,"Wn-8, Wn-11, Wn-13, Wn-15",18.0,17,0,0,0,0,0,0,0,0,0,0,0,0,0,0,0,0,0,0,0,0,0,0,0,0,0,0,0,0,0,0,0,0,0,0,0,0,0,0,0,0,0,0,0,0,0,1,1,0,0,0,0,0,0,0,0,0,0,0,0,0,0,0,0,0,0,0,2,Medium,1.0,high
134,47,17,Aceh,Pantai Lampuuk,Juragan kapal,Perahu motor tempel,5,Wth-1,3.5,17,0,0,0,0,0,0,0,0,0,0,0,0,0,0,0,0,0,0,0,0,0,0,0,0,0,0,0,0,0,0,0,0,0,0,0,0,0,0,0,0,0,0,0,0,0,0,0,0,0,0,0,0,0,0,0,0,0,0,0,0,0,0,0,0,0,0,0,Low,0.6667000000000001,moderate
135,25,5,Aceh,Pantai Lampuuk,Anak Buah Kapal (ABK) ,Perahu motor tempel,2,Cr-2,3.5,5,0,0,0,0,0,0,0,0,0,0,0,0,0,0,0,0,0,0,0,0,0,0,0,0,0,0,0,0,0,0,0,0,0,0,0,0,0,0,0,0,0,0,0,0,0,0,0,0,0,0,0,0,0,0,0,0,0,0,0,0,0,0,0,0,0,0,0,Low,0.7,moderate
136,25,5,Aceh,Pantai Lampuuk,Anak Buah Kapal (ABK) ,Perahu motor tempel,6,Td-2,3.5,5,0,0,0,0,0,0,0,0,0,0,0,0,0,0,0,0,0,0,0,0,0,0,0,0,0,0,0,0,0,0,0,0,0,0,0,0,0,0,0,0,0,0,0,0,0,0,0,0,0,0,0,0,0,0,0,0,0,0,0,0,0,0,0,0,0,0,0,Low,1.0,high
137,33,20,Aceh,Pantai Lampuuk,Anak Buah Kapal (ABK) ,Perahu motor tempel,3,"Wv-1, Wv-2",16.0,20,0,0,0,0,0,0,0,0,0,0,0,0,0,0,0,0,0,0,0,0,0,0,0,0,0,0,0,0,0,0,0,0,0,0,0,0,0,0,0,0,0,0,0,0,0,0,0,1,0,0,0,0,0,0,0,0,0,0,0,0,0,0,0,0,0,0,1,Low,1.0,high
138,33,20,Aceh,Pantai Lampuuk,Anak Buah Kapal (ABK) ,Perahu motor tempel,1,Wth-1,18.0,20,0,0,0,0,0,0,0,0,0,0,0,0,0,0,0,0,0,0,0,0,0,0,0,0,0,0,0,0,0,0,0,0,0,0,0,0,0,0,0,0,0,0,0,0,0,0,0,0,0,0,0,0,0,0,0,0,0,0,0,0,0,0,0,0,0,0,0,Low,0.5,moderate
139,33,20,Aceh,Pantai Lampuuk,Anak Buah Kapal (ABK) ,Perahu motor tempel,3,Td-1,20.0,20,0,0,0,0,0,0,0,0,0,0,0,0,0,0,0,0,0,0,0,0,0,0,0,0,0,0,0,0,0,0,0,0,0,0,0,0,0,0,0,0,0,0,0,0,0,0,0,0,0,0,0,0,0,0,0,0,0,0,0,0,0,0,0,0,0,0,0,Low,1.0,high
140,29,8,Aceh,Pantai Lampuuk,Anak Buah Kapal (ABK) ,Perahu motor tempel,5,Wth-1,16.0,8,0,0,0,0,0,0,0,0,0,0,0,0,0,0,0,0,0,0,0,0,0,0,0,0,0,0,0,0,0,0,0,0,0,0,0,0,0,0,0,0,0,0,0,0,0,0,0,0,0,0,0,0,0,0,0,0,0,0,0,0,0,0,0,0,0,0,0,Low,0.8667,high
141,47,29,Aceh,Pantai Lampuuk,Anak Buah Kapal (ABK) ,Perahu motor tempel,5,"Wn-3, Wn-11",4.5,29,0,0,0,0,1,0,0,0,0,0,0,0,0,0,0,0,0,0,0,0,0,0,0,0,0,0,0,0,0,0,0,0,0,0,0,0,0,0,0,0,0,0,0,0,0,0,0,0,0,0,0,0,0,0,0,0,0,0,0,0,0,0,0,0,0,0,1,Low,1.0,high
142,47,29,Aceh,Pantai Lampuuk,Anak Buah Kapal (ABK) ,Perahu motor tempel,4,Wv-1,4.0,29,0,0,0,0,0,0,0,0,0,0,0,0,0,0,0,0,0,0,0,0,0,0,0,0,0,0,0,0,0,0,0,0,0,0,0,0,0,0,0,0,0,0,0,0,0,0,0,0,0,0,0,0,0,0,0,0,0,0,0,0,0,0,0,0,0,0,0,Low,0.6667000000000001,moderate
143,28,8,Aceh,Pantai Lampuuk,Anak Buah Kapal (ABK) ,Perahu motor tempel,2,"Wn-8, Wn-9",3.5,8,0,0,0,0,0,0,0,0,0,0,0,0,0,0,0,0,0,0,0,0,0,0,0,0,0,0,0,0,0,0,0,0,0,0,0,0,0,0,0,0,0,0,0,0,1,0,0,0,0,0,0,0,0,0,0,0,0,0,0,0,0,0,0,0,0,0,1,Low,0.25,low
144,28,8,Aceh,Pantai Lampuuk,Anak Buah Kapal (ABK) ,Perahu motor tempel,1,Wth-1,1.5,8,0,0,0,0,0,0,0,0,0,0,0,0,0,0,0,0,0,0,0,0,0,0,0,0,0,0,0,0,0,0,0,0,0,0,0,0,0,0,0,0,0,0,0,0,0,0,0,0,0,0,0,0,0,0,0,0,0,0,0,0,0,0,0,0,0,0,0,Low,1.0,high
145,40,25,Aceh,Pantai Lampuuk,Tekong/Nahkoda,Perahu motor tempel,3,Wn-11,14.0,25,0,0,0,0,0,0,0,0,0,0,0,0,0,0,0,0,0,0,0,0,0,0,0,0,0,0,0,0,0,0,0,0,0,0,0,0,0,0,0,0,0,0,0,0,0,0,0,0,0,0,0,0,0,0,0,0,0,0,0,0,0,0,0,0,0,0,0,Low,0.8889,high
146,40,25,Aceh,Pantai Lampuuk,Tekong/Nahkoda,Perahu motor tempel,1,Wv-2,18.0,25,0,0,0,0,0,0,0,0,0,0,0,0,0,0,0,0,0,0,0,0,0,0,0,0,0,0,0,0,0,0,0,0,0,0,0,0,0,0,0,0,0,0,0,0,0,0,0,0,0,0,0,0,0,0,0,0,0,0,0,0,0,0,0,0,0,0,0,Low,0.8667,high
147,40,25,Aceh,Pantai Lampuuk,Tekong/Nahkoda,Perahu motor tempel,3,Wth-1,1.5,25,0,0,0,0,0,0,0,0,0,0,0,0,0,0,0,0,0,0,0,0,0,0,0,0,0,0,0,0,0,0,0,0,0,0,0,0,0,0,0,0,0,0,0,0,0,0,0,0,0,0,0,0,0,0,0,0,0,0,0,0,0,0,0,0,0,0,0,Low,0.625,moderate
148,55,35,Aceh,Pantai Lampuuk,Tekong/Nahkoda,Perahu motor tempel,1,"Wv-1, Wv-2",4.5,2,0,0,0,0,0,0,0,0,0,0,0,0,0,0,0,0,0,0,0,0,0,0,0,0,0,0,0,0,0,0,0,0,0,0,0,0,0,0,0,0,0,0,0,0,0,0,0,1,0,0,0,0,0,0,0,0,0,0,0,0,0,0,0,0,0,0,1,Low,0.8,high
149,55,35,Aceh,Pantai Lampuuk,Tekong/Nahkoda,Perahu motor tempel,5,Wth-1,3.0,10,0,0,0,0,0,0,0,0,0,0,0,0,0,0,0,0,0,0,0,0,0,0,0,0,0,0,0,0,0,0,0,0,0,0,0,0,0,0,0,0,0,0,0,0,0,0,0,0,0,0,0,0,0,0,0,0,0,0,0,0,0,0,0,0,0,0,0,Low,0.7692,high
150,55,35,Aceh,Pantai Lampuuk,Tekong/Nahkoda,Perahu motor tempel,2,Cr-1,3.5,15,0,0,0,0,0,0,0,0,0,0,0,0,0,0,0,0,0,0,0,0,0,0,0,0,0,0,0,0,0,0,0,0,0,0,0,0,0,0,0,0,0,0,0,0,0,0,0,0,0,0,0,0,0,0,0,0,0,0,0,0,0,0,0,0,0,0,0,Low,0.6,moderate
151,27,4,Aceh,Pantai Lampuuk,Anak Buah Kapal (ABK) ,Perahu motor tempel,1,Cr-2,3.5,15,0,0,0,0,0,0,0,0,0,0,0,0,0,0,0,0,0,0,0,0,0,0,0,0,0,0,0,0,0,0,0,0,0,0,0,0,0,0,0,0,0,0,0,0,0,0,0,0,0,0,0,0,0,0,0,0,0,0,0,0,0,0,0,0,0,0,0,Low,0.6,moderate
152,45,25,Aceh,Pantai Lampuuk,Anak Buah Kapal (ABK) ,Perahu motor tempel,1,Cr-2,4.5,25,0,0,0,0,0,0,0,0,0,0,0,0,0,0,0,0,0,0,0,0,0,0,0,0,0,0,0,0,0,0,0,0,0,0,0,0,0,0,0,0,0,0,0,0,0,0,0,0,0,0,0,0,0,0,0,0,0,0,0,0,0,0,0,0,0,0,0,Low,0.6,moderate
153,45,25,Aceh,Pantai Lampuuk,Anak Buah Kapal (ABK) ,Perahu motor tempel,1,Td-2,1.5,25,0,0,0,0,0,0,0,0,0,0,0,0,0,0,0,0,0,0,0,0,0,0,0,0,0,0,0,0,0,0,0,0,0,0,0,0,0,0,0,0,0,0,0,0,0,0,0,0,0,0,0,0,0,0,0,0,0,0,0,0,0,0,0,0,0,0,0,Low,1.0,high
154,29,13,Aceh,Pantai Lampuuk,Anak Buah Kapal (ABK) ,Perahu motor tempel,5,"Wn-9, Wn-10",10.0,13,0,0,0,0,0,0,0,0,0,0,0,0,0,0,0,0,0,0,1,0,0,0,0,0,0,0,0,0,0,0,0,0,0,0,0,0,0,0,0,0,0,0,0,0,0,0,0,0,0,0,0,0,0,0,0,0,0,0,0,0,0,0,0,0,0,0,1,Low,0.6667000000000001,moderate
155,29,13,Aceh,Pantai Lampuuk,Anak Buah Kapal (ABK) ,Perahu motor tempel,4,Wth-1,4.5,13,0,0,0,0,0,0,0,0,0,0,0,0,0,0,0,0,0,0,0,0,0,0,0,0,0,0,0,0,0,0,0,0,0,0,0,0,0,0,0,0,0,0,0,0,0,0,0,0,0,0,0,0,0,0,0,0,0,0,0,0,0,0,0,0,0,0,0,Low,0.8,high
156,39,20,Aceh,Pantai Lampuuk,Anak Buah Kapal (ABK) ,Perahu motor tempel,1,Wth-1,4.5,20,0,0,0,0,0,0,0,0,0,0,0,0,0,0,0,0,0,0,0,0,0,0,0,0,0,0,0,0,0,0,0,0,0,0,0,0,0,0,0,0,0,0,0,0,0,0,0,0,0,0,0,0,0,0,0,0,0,0,0,0,0,0,0,0,0,0,0,Low,0.9,high
157,37,20,Aceh,Pantai Lampuuk,Anak Buah Kapal (ABK) ,Perahu motor tempel,3,"Wv-1, Wv-2",5.5,12,0,0,0,0,0,0,0,0,0,0,0,0,0,0,0,0,0,0,0,0,0,0,0,0,0,0,0,0,0,0,0,0,0,0,0,0,0,0,0,0,0,0,0,0,0,0,0,1,0,0,0,0,0,0,0,0,0,0,0,0,0,0,0,0,0,0,1,Low,0.8571,high
158,45,26,Aceh,Pantai Lampuuk,Anak Buah Kapal (ABK) ,Perahu motor tempel,4,"Wv-1, Wv-3",6.0,11,0,0,0,0,0,0,0,0,0,0,0,0,0,0,0,0,0,0,0,0,0,0,0,0,0,0,0,0,0,0,0,0,0,0,0,0,0,0,0,0,0,0,0,0,0,0,0,0,0,0,0,0,0,0,0,0,0,0,0,0,0,0,0,0,0,0,0,Low,0.6,moderate
159,47,30,Aceh,Pantai Lampuuk,Tekong/Nahkoda,Perahu motor tempel,2,"Wn-3, Wn-8, Wn-11",26.0,30,1,0,1,0,1,0,0,0,0,0,0,0,0,0,0,0,0,0,0,0,0,0,0,0,0,0,0,0,0,0,0,0,0,0,0,0,0,0,0,0,0,0,0,0,0,1,0,0,0,0,0,0,0,0,0,0,0,0,0,0,0,0,0,0,0,0,4,Medium,1.0,high
160,47,30,Aceh,Pantai Lampuuk,Tekong/Nahkoda,Perahu motor tempel,3,Wv-1,26.0,30,0,0,0,0,0,0,0,0,0,0,0,0,0,0,0,0,0,0,0,0,0,0,0,0,0,0,0,0,0,0,0,0,0,0,0,0,0,0,0,0,0,0,0,0,0,0,0,0,0,0,0,0,0,0,0,0,0,0,0,0,0,0,0,0,0,0,0,Low,1.0,high
161,47,30,Aceh,Pantai Lampuuk,Tekong/Nahkoda,Perahu motor tempel,2,Wth-1,6.0,30,0,0,0,0,0,0,0,0,0,0,0,0,0,0,0,0,0,0,0,0,0,0,0,0,0,0,0,0,0,0,0,0,0,0,0,0,0,0,0,0,0,0,0,0,0,0,0,0,0,0,0,0,0,0,0,0,0,0,0,0,0,0,0,0,0,0,0,Low,0.8,high
162,47,30,Aceh,Pantai Lampuuk,Tekong/Nahkoda,Perahu motor tempel,2,Td-1,12.0,30,0,0,0,0,0,0,0,0,0,0,0,0,0,0,0,0,0,0,0,0,0,0,0,0,0,0,0,0,0,0,0,0,0,0,0,0,0,0,0,0,0,0,0,0,0,0,0,0,0,0,0,0,0,0,0,0,0,0,0,0,0,0,0,0,0,0,0,Low,0.5,moderate
163,20,2,Aceh,Pantai Lampuuk,Anak Buah Kapal (ABK) ,Perahu motor tempel,1,"Ts-1, Ts-2, Ts-4, Ts-5",30.0,15,0,0,0,0,0,0,0,0,0,0,0,0,0,0,0,0,0,0,0,0,1,0,0,1,1,1,0,0,1,1,1,0,0,1,1,1,0,0,0,0,0,0,0,0,0,0,0,0,1,0,0,0,0,0,0,0,0,0,0,0,0,0,0,0,0,0,11,High,1.0,high
164,20,2,Aceh,Pantai Lampuuk,Anak Buah Kapal (ABK) ,Perahu motor tempel,5,Wv-1,3.5,1,0,0,0,0,0,0,0,0,0,0,0,0,0,0,0,0,0,0,0,0,0,0,0,0,0,0,0,0,0,0,0,0,0,0,0,0,0,0,0,0,0,0,0,0,0,0,0,0,0,0,0,0,0,0,0,0,0,0,0,0,0,0,0,0,0,0,0,Low,0.7333,high
165,20,2,Aceh,Pantai Lampuuk,Anak Buah Kapal (ABK) ,Perahu motor tempel,1,"Td-1, Td-2",14.0,1,0,0,0,0,0,0,0,0,0,0,0,0,0,0,0,0,0,0,0,0,0,0,0,0,0,0,0,0,0,0,0,0,0,0,0,0,0,0,0,0,0,0,0,0,0,0,0,0,0,0,0,0,0,0,0,0,0,0,0,0,0,0,0,0,0,0,0,Low,0.5,moderate
166,39,19,Aceh,Pantai Lampuuk,Anak Buah Kapal (ABK) ,Perahu motor tempel,2,"Wn-1, Wn-6, Wn-10",18.0,19,0,0,0,0,0,0,0,0,0,0,0,0,0,1,0,1,1,0,0,0,0,0,0,0,0,0,0,0,0,0,0,0,0,0,0,0,0,0,0,0,0,0,0,0,0,0,0,0,0,0,0,0,0,1,0,0,0,0,0,0,0,0,0,0,0,0,4,Medium,0.9286,high
167,39,19,Aceh,Pantai Lampuuk,Anak Buah Kapal (ABK) ,Perahu motor tempel,3,Td-1,18.0,19,0,0,0,0,0,0,0,0,0,0,0,0,0,0,0,0,0,0,0,0,0,0,0,0,0,0,0,0,0,0,0,0,0,0,0,0,0,0,0,0,0,0,0,0,0,0,0,0,0,0,0,0,0,0,0,0,0,0,0,0,0,0,0,0,0,0,0,Low,1.0,high
168,47,31,Aceh,Pantai Lampuuk,Anak Buah Kapal (ABK) ,Perahu motor tempel,1,Wv-1,6.0,31,0,0,0,0,0,0,0,0,0,0,0,0,0,0,0,0,0,0,0,0,0,0,0,0,0,0,0,0,0,0,0,0,0,0,0,0,0,0,0,0,0,0,0,0,0,0,0,0,0,0,0,0,0,0,0,0,0,0,0,0,0,0,0,0,0,0,0,Low,0.6,moderate
169,47,31,Aceh,Pantai Lampuuk,Anak Buah Kapal (ABK) ,Perahu motor tempel,2,Td-2,6.0,31,0,0,0,0,0,0,0,0,0,0,0,0,0,0,0,0,0,0,0,0,0,0,0,0,0,0,0,0,0,0,0,0,0,0,0,0,0,0,0,0,0,0,0,0,0,0,0,0,0,0,0,0,0,0,0,0,0,0,0,0,0,0,0,0,0,0,0,Low,1.0,high
170,26,7,Aceh,Pantai Lampuuk,Anak Buah Kapal (ABK) ,Perahu motor tempel,3,Wn-14,18.0,7,0,0,0,0,0,0,0,0,0,0,0,0,0,0,0,0,0,0,0,0,0,0,0,0,0,0,0,0,0,0,0,0,0,0,0,0,0,0,0,0,0,0,0,0,0,0,0,0,0,0,0,0,0,0,0,0,0,0,0,0,0,0,0,0,0,0,0,Low,0.4,low
171,26,7,Aceh,Pantai Lampuuk,Anak Buah Kapal (ABK) ,Perahu motor tempel,3,Wth-1,6.0,7,0,0,0,0,0,0,0,0,0,0,0,0,0,0,0,0,0,0,0,0,0,0,0,0,0,0,0,0,0,0,0,0,0,0,0,0,0,0,0,0,0,0,0,0,0,0,0,0,0,0,0,0,0,0,0,0,0,0,0,0,0,0,0,0,0,0,0,Low,1.0,high
172,40,25,Aceh,Pantai Lampuuk,Tekong/Nahkoda,Perahu motor tempel,3,"Wn-1, Wn-8, Wn-11",18.0,25,0,0,0,0,0,0,0,0,0,0,0,0,0,0,1,0,0,1,0,0,0,0,0,0,0,0,0,0,0,0,0,0,0,0,0,0,0,0,0,0,0,0,0,0,0,1,0,0,0,0,0,0,0,0,0,0,0,0,0,0,0,0,0,0,0,0,3,Medium,1.0,high
173,40,25,Aceh,Pantai Lampuuk,Tekong/Nahkoda,Perahu motor tempel,1,Wv-1,18.0,25,0,0,0,0,0,0,0,0,0,0,0,0,0,0,0,0,0,0,0,0,0,0,0,0,0,0,0,0,0,0,0,0,0,0,0,0,0,0,0,0,0,0,0,0,0,0,0,0,0,0,0,0,0,0,0,0,0,0,0,0,0,0,0,0,0,0,0,Low,0.6154,moderate
174,24,10,Aceh,Pantai Lampuuk,Anak Buah Kapal (ABK) ,Perahu motor tempel,1,Cr-1,3.5,10,0,0,0,0,0,0,0,0,0,0,0,0,0,0,0,0,0,0,0,0,0,0,0,0,0,0,0,0,0,0,0,0,0,0,0,0,0,0,0,0,0,0,0,0,0,0,0,0,0,0,0,0,0,0,0,0,0,0,0,0,0,0,0,0,0,0,0,Low,1.0,high
175,24,10,Aceh,Pantai Lampuuk,Anak Buah Kapal (ABK) ,Perahu motor tempel,1,"Td-1, Td-2",14.0,10,0,0,0,0,0,0,0,0,0,0,0,0,0,0,0,0,0,0,0,0,0,0,0,0,0,0,0,0,0,0,0,0,0,0,0,0,0,0,0,0,0,0,0,0,0,0,0,0,0,0,0,0,0,0,0,0,0,0,0,0,0,0,0,0,0,0,0,Low,1.0,high
176,62,43,Aceh,Pantai Lampuuk,Juragan kapal,Perahu motor tempel,3,Wn-11,18.0,43,0,0,0,0,0,0,0,0,0,0,0,0,0,0,0,0,0,0,0,0,0,0,0,0,0,0,0,0,0,0,0,0,0,0,0,0,0,0,0,0,0,0,0,0,0,0,0,0,0,0,0,0,0,0,0,0,0,0,0,0,0,0,0,0,0,0,0,Low,1.0,high
177,62,43,Aceh,Pantai Lampuuk,Juragan kapal,Perahu motor tempel,2,"Wv-1, Wv-2",18.0,43,0,0,0,0,0,0,0,0,0,0,0,0,0,0,0,0,0,0,0,0,0,0,0,0,0,0,0,0,0,0,0,0,0,0,0,0,0,0,0,0,0,0,0,0,0,0,0,1,0,0,0,0,0,0,0,0,0,0,0,0,0,0,0,0,0,0,1,Low,0.9,high
178,62,43,Aceh,Pantai Lampuuk,Juragan kapal,Perahu motor tempel,4,Wth-1,18.0,43,0,0,0,0,0,0,0,0,0,0,0,0,0,0,0,0,0,0,0,0,0,0,0,0,0,0,0,0,0,0,0,0,0,0,0,0,0,0,0,0,0,0,0,0,0,0,0,0,0,0,0,0,0,0,0,0,0,0,0,0,0,0,0,0,0,0,0,Low,1.0,high
179,62,43,Aceh,Pantai Lampuuk,Juragan kapal,Perahu motor tempel,1,Cr-1,18.0,43,0,0,0,0,0,0,0,0,0,0,0,0,0,0,0,0,0,0,0,0,0,0,0,0,0,0,0,0,0,0,0,0,0,0,0,0,0,0,0,0,0,0,0,0,0,0,0,0,0,0,0,0,0,0,0,0,0,0,0,0,0,0,0,0,0,0,0,Low,0.9286,high
180,62,43,Aceh,Pantai Lampuuk,Juragan kapal,Perahu motor tempel,1,Td-1,18.0,43,0,0,0,0,0,0,0,0,0,0,0,0,0,0,0,0,0,0,0,0,0,0,0,0,0,0,0,0,0,0,0,0,0,0,0,0,0,0,0,0,0,0,0,0,0,0,0,0,0,0,0,0,0,0,0,0,0,0,0,0,0,0,0,0,0,0,0,Low,1.0,high
181,45,26,Aceh,Pantai Lampuuk,Tekong/Nahkoda,Perahu motor tempel,7,"Cr-1, Cr-2",3.5,20,0,0,0,0,0,0,0,0,0,0,0,0,0,0,0,0,0,0,0,0,0,0,0,0,0,0,0,0,0,0,0,0,0,0,0,0,0,0,0,0,0,0,0,0,0,0,0,0,0,0,0,0,0,0,0,0,0,0,0,0,0,0,0,0,0,0,0,Low,1.0,high
182,45,26,Aceh,Pantai Lampuuk,Tekong/Nahkoda,Perahu motor tempel,6,Td-1,20.0,20,0,0,0,0,0,0,0,0,0,0,0,0,0,0,0,0,0,0,0,0,0,0,0,0,0,0,0,0,0,0,0,0,0,0,0,0,0,0,0,0,0,0,0,0,0,0,0,0,0,0,0,0,0,0,0,0,0,0,0,0,0,0,0,0,0,0,0,Low,0.6667000000000001,moderate
183,22,7,Aceh,Pantai Lampuuk,Anak Buah Kapal (ABK) ,Perahu motor tempel,1,Wv-1,4.0,7,0,0,0,0,0,0,0,0,0,0,0,0,0,0,0,0,0,0,0,0,0,0,0,0,0,0,0,0,0,0,0,0,0,0,0,0,0,0,0,0,0,0,0,0,0,0,0,0,0,0,0,0,0,0,0,0,0,0,0,0,0,0,0,0,0,0,0,Low,0.8,high
184,45,26,Aceh,Pantai Lampuuk,Tekong/Nahkoda,Perahu motor tempel,3,Wth-1,18.0,26,0,0,0,0,0,0,0,0,0,0,0,0,0,0,0,0,0,0,0,0,0,0,0,0,0,0,0,0,0,0,0,0,0,0,0,0,0,0,0,0,0,0,0,0,0,0,0,0,0,0,0,0,0,0,0,0,0,0,0,0,0,0,0,0,0,0,0,Low,0.9,high
185,45,26,Aceh,Pantai Lampuuk,Tekong/Nahkoda,Perahu motor tempel,2,Td-2,8.0,26,0,0,0,0,0,0,0,0,0,0,0,0,0,0,0,0,0,0,0,0,0,0,0,0,0,0,0,0,0,0,0,0,0,0,0,0,0,0,0,0,0,0,0,0,0,0,0,0,0,0,0,0,0,0,0,0,0,0,0,0,0,0,0,0,0,0,0,Low,0.6667000000000001,moderate
186,36,18,Aceh,Pantai Lampuuk,Anak Buah Kapal (ABK) ,Perahu motor tempel,2,"Wn-1, Wn-5, Wn-11",18.0,18,0,0,0,0,0,0,0,0,0,0,0,0,0,0,0,0,0,1,0,0,0,0,0,0,0,0,0,0,0,0,0,0,0,0,0,0,0,0,0,0,0,0,0,0,0,0,0,0,0,0,0,0,0,0,0,0,0,0,0,0,0,0,0,0,0,0,1,Low,0.8667,high
187,36,18,Aceh,Pantai Lampuuk,Anak Buah Kapal (ABK) ,Perahu motor tempel,3,Wth-1,6.0,18,0,0,0,0,0,0,0,0,0,0,0,0,0,0,0,0,0,0,0,0,0,0,0,0,0,0,0,0,0,0,0,0,0,0,0,0,0,0,0,0,0,0,0,0,0,0,0,0,0,0,0,0,0,0,0,0,0,0,0,0,0,0,0,0,0,0,0,Low,0.6667000000000001,moderate
188,51,32,Aceh,Pantai Lampuuk,Juragan kapal,Perahu motor tempel,5,"Wn-1, Wn-6, Wn-10",22.0,32,0,0,0,0,0,0,0,0,0,0,0,0,0,1,0,1,1,0,0,0,0,0,0,0,0,0,0,0,0,0,0,0,0,0,0,0,0,0,0,0,0,0,0,0,0,0,0,0,0,0,0,0,0,1,0,0,0,0,0,0,0,0,0,0,0,0,4,Medium,0.8125,high
189,51,32,Aceh,Pantai Lampuuk,Juragan kapal,Perahu motor tempel,3,Wv-1,26.0,32,0,0,0,0,0,0,0,0,0,0,0,0,0,0,0,0,0,0,0,0,0,0,0,0,0,0,0,0,0,0,0,0,0,0,0,0,0,0,0,0,0,0,0,0,0,0,0,0,0,0,0,0,0,0,0,0,0,0,0,0,0,0,0,0,0,0,0,Low,1.0,high
190,51,32,Aceh,Pantai Lampuuk,Juragan kapal,Perahu motor tempel,1,Cr-2,5.5,32,0,0,0,0,0,0,0,0,0,0,0,0,0,0,0,0,0,0,0,0,0,0,0,0,0,0,0,0,0,0,0,0,0,0,0,0,0,0,0,0,0,0,0,0,0,0,0,0,0,0,0,0,0,0,0,0,0,0,0,0,0,0,0,0,0,0,0,Low,0.75,high
191,51,32,Aceh,Pantai Lampuuk,Juragan kapal,Perahu motor tempel,3,"Td-1, Td-2",20.0,32,0,0,0,0,0,0,0,0,0,0,0,0,0,0,0,0,0,0,0,0,0,0,0,0,0,0,0,0,0,0,0,0,0,0,0,0,0,0,0,0,0,0,0,0,0,0,0,0,0,0,0,0,0,0,0,0,0,0,0,0,0,0,0,0,0,0,0,Low,0.7778,high
192,28,8,Aceh,Pantai Lampuuk,Anak Buah Kapal (ABK) ,Perahu motor tempel,2,"Wv-1, Wv-2",5.5,8,0,0,0,0,0,0,0,0,0,0,0,0,0,0,0,0,0,0,0,0,0,0,0,0,0,0,0,0,0,0,0,0,0,0,0,0,0,0,0,0,0,0,0,0,0,0,0,1,0,0,0,0,0,0,0,0,0,0,0,0,0,0,0,0,0,0,1,Low,0.7778,high
193,28,8,Aceh,Pantai Lampuuk,Anak Buah Kapal (ABK) ,Perahu motor tempel,4,"Cr-1, Cr-2",3.5,8,0,0,0,0,0,0,0,0,0,0,0,0,0,0,0,0,0,0,0,0,0,0,0,0,0,0,0,0,0,0,0,0,0,0,0,0,0,0,0,0,0,0,0,0,0,0,0,0,0,0,0,0,0,0,0,0,0,0,0,0,0,0,0,0,0,0,0,Low,0.6667000000000001,moderate
194,31,11,Aceh,Pantai Lampuuk,Anak Buah Kapal (ABK) ,Perahu motor tempel,3,Wth-1,20.0,11,0,0,0,0,0,0,0,0,0,0,0,0,0,0,0,0,0,0,0,0,0,0,0,0,0,0,0,0,0,0,0,0,0,0,0,0,0,0,0,0,0,0,0,0,0,0,0,0,0,0,0,0,0,0,0,0,0,0,0,0,0,0,0,0,0,0,0,Low,0.8332999999999999,high
195,29,7,Aceh,Pantai Lampuuk,Anak Buah Kapal (ABK) ,Perahu motor tempel,5,"Wn-2, Wn-7, Wn-14",24.0,7,0,0,0,0,0,0,0,0,0,0,0,0,0,0,0,0,0,0,0,1,0,0,0,0,0,0,0,0,0,0,0,0,0,0,0,0,0,0,0,0,0,0,0,0,0,0,0,0,0,0,0,0,0,0,0,0,0,0,1,1,1,0,0,0,0,0,4,Medium,1.0,high
196,29,7,Aceh,Pantai Lampuuk,Anak Buah Kapal (ABK) ,Perahu motor tempel,7,"Cr-1, Cr-2",4.0,7,0,0,0,0,0,0,0,0,0,0,0,0,0,0,0,0,0,0,0,0,0,0,0,0,0,0,0,0,0,0,0,0,0,0,0,0,0,0,0,0,0,0,0,0,0,0,0,0,0,0,0,0,0,0,0,0,0,0,0,0,0,0,0,0,0,0,0,Low,0.6667000000000001,moderate
197,24,5,Aceh,Pantai Lampuuk,Anak Buah Kapal (ABK) ,Perahu motor tempel,5,"Wn-8, Wn-12, Wn-15",6.0,13,0,0,0,0,0,0,0,0,0,0,0,0,0,0,0,0,0,0,0,0,0,0,0,0,0,0,0,0,0,0,0,0,0,0,0,0,0,0,0,0,0,0,0,0,0,0,1,0,0,0,0,0,0,0,0,0,0,0,0,0,0,0,0,0,1,0,2,Medium,1.0,high
198,36,13,Aceh,Pantai Lampuuk,Anak Buah Kapal (ABK) ,Perahu motor tempel,2,Wth-1,10.0,13,0,0,0,0,0,0,0,0,0,0,0,0,0,0,0,0,0,0,0,0,0,0,0,0,0,0,0,0,0,0,0,0,0,0,0,0,0,0,0,0,0,0,0,0,0,0,0,0,0,0,0,0,0,0,0,0,0,0,0,0,0,0,0,0,0,0,0,Low,0.6667000000000001,moderate
199,36,13,Aceh,Pantai Lampuuk,Anak Buah Kapal (ABK) ,Perahu motor tempel,5,"Cr-2, Cr-3",5.0,13,0,0,0,0,0,0,0,0,0,0,0,0,0,0,0,0,0,0,0,0,0,0,0,0,0,0,0,0,0,0,0,0,0,0,0,0,0,0,0,0,0,0,0,0,0,0,0,0,0,0,0,0,0,0,0,0,0,0,0,0,0,0,0,0,0,0,0,Low,0.75,high
200,36,13,Aceh,Pantai Lampuuk,Anak Buah Kapal (ABK) ,Perahu motor tempel,2,Td-2,2.0,13,0,0,0,0,0,0,0,0,0,0,0,0,0,0,0,0,0,0,0,0,0,0,0,0,0,0,0,0,0,0,0,0,0,0,0,0,0,0,0,0,0,0,0,0,0,0,0,0,0,0,0,0,0,0,0,0,0,0,0,0,0,0,0,0,0,0,0,Low,0.75,high
201,34,10,Aceh,Pantai Lampuuk,Anak Buah Kapal (ABK) ,Perahu motor tempel,1,Wv-2,20.0,10,0,0,0,0,0,0,0,0,0,0,0,0,0,0,0,0,0,0,0,0,0,0,0,0,0,0,0,0,0,0,0,0,0,0,0,0,0,0,0,0,0,0,0,0,0,0,0,0,0,0,0,0,0,0,0,0,0,0,0,0,0,0,0,0,0,0,0,Low,0.8234999999999999,high
202,34,10,Aceh,Pantai Lampuuk,Anak Buah Kapal (ABK) ,Perahu motor tempel,4,Td-1,18.0,10,0,0,0,0,0,0,0,0,0,0,0,0,0,0,0,0,0,0,0,0,0,0,0,0,0,0,0,0,0,0,0,0,0,0,0,0,0,0,0,0,0,0,0,0,0,0,0,0,0,0,0,0,0,0,0,0,0,0,0,0,0,0,0,0,0,0,0,Low,0.65,moderate
203,47,17,Aceh,Pantai Lampuuk,Anak Buah Kapal (ABK) ,Perahu motor tempel,6,"Wn-9, Wn-10, Wn-14",6.0,17,0,0,0,0,0,0,0,0,0,0,0,0,0,0,0,0,0,0,1,0,0,0,0,0,0,0,0,0,0,0,0,0,0,0,0,0,0,0,0,0,0,0,0,0,0,0,0,0,0,0,0,0,0,0,0,0,0,0,0,0,0,0,0,0,0,0,1,Low,1.0,high
204,47,17,Aceh,Pantai Lampuuk,Anak Buah Kapal (ABK) ,Perahu motor tempel,4,Wth-1,5.5,17,0,0,0,0,0,0,0,0,0,0,0,0,0,0,0,0,0,0,0,0,0,0,0,0,0,0,0,0,0,0,0,0,0,0,0,0,0,0,0,0,0,0,0,0,0,0,0,0,0,0,0,0,0,0,0,0,0,0,0,0,0,0,0,0,0,0,0,Low,0.7778,high
205,42,15,Aceh,Pantai Lampuuk,Anak Buah Kapal (ABK) ,Perahu motor tempel,4,"Wv-1, Wv-2",4.5,15,0,0,0,0,0,0,0,0,0,0,0,0,0,0,0,0,0,0,0,0,0,0,0,0,0,0,0,0,0,0,0,0,0,0,0,0,0,0,0,0,0,0,0,0,0,0,0,1,0,0,0,0,0,0,0,0,0,0,0,0,0,0,0,0,0,0,1,Low,0.75,high
206,42,15,Aceh,Pantai Lampuuk,Anak Buah Kapal (ABK) ,Perahu motor tempel,5,"Cr-1, Cr-2",6.0,15,0,0,0,0,0,0,0,0,0,0,0,0,0,0,0,0,0,0,0,0,0,0,0,0,0,0,0,0,0,0,0,0,0,0,0,0,0,0,0,0,0,0,0,0,0,0,0,0,0,0,0,0,0,0,0,0,0,0,0,0,0,0,0,0,0,0,0,Low,1.0,high
207,29,10,Aceh,Pantai Lampuuk,Anak Buah Kapal (ABK) ,Perahu motor tempel,2,Wn-13,18.0,10,0,0,0,0,0,0,0,0,0,0,0,0,0,0,0,0,0,0,0,0,0,0,0,0,0,0,0,0,0,0,0,0,0,0,0,0,0,0,0,0,0,0,0,0,0,0,0,0,0,0,0,0,0,0,0,0,0,0,0,0,0,0,0,0,0,0,0,Low,0.5,moderate
208,29,10,Aceh,Pantai Lampuuk,Anak Buah Kapal (ABK) ,Perahu motor tempel,5,"Cr-1, Cr-3",3.5,10,0,0,0,0,0,0,0,0,0,0,0,0,0,0,0,0,0,0,0,0,0,0,0,0,0,0,0,0,0,0,0,0,0,0,0,0,0,0,0,0,0,0,1,0,0,0,0,0,0,0,0,0,0,0,0,0,0,0,0,0,0,0,0,0,0,0,1,Low,0.625,moderate
209,29,10,Aceh,Pantai Lampuuk,Anak Buah Kapal (ABK) ,Perahu motor tempel,7,Td-1,24.0,10,0,0,0,0,0,0,0,0,0,0,0,0,0,0,0,0,0,0,0,0,0,0,0,0,0,0,0,0,0,0,0,0,0,0,0,0,0,0,0,0,0,0,0,0,0,0,0,0,0,0,0,0,0,0,0,0,0,0,0,0,0,0,0,0,0,0,0,Low,0.5769,moderate
210,37,17,Aceh,Pantai Lampuuk,Anak Buah Kapal (ABK) ,Perahu motor tempel,4,"Cr-2, Cr-4",3.5,17,0,0,0,0,0,0,0,0,0,0,0,0,0,0,0,0,0,0,0,0,0,0,0,0,0,0,0,0,0,0,0,0,0,0,0,0,0,0,0,0,0,0,0,0,0,0,0,0,0,0,0,0,0,0,0,0,0,0,0,0,0,0,0,0,0,0,0,Low,0.75,high
211,46,20,Aceh,Pantai Lampuuk,Anak Buah Kapal (ABK) ,Perahu motor tempel,5,Wth-1,20.0,20,0,0,0,0,0,0,0,0,0,0,0,0,0,0,0,0,0,0,0,0,0,0,0,0,0,0,0,0,0,0,0,0,0,0,0,0,0,0,0,0,0,0,0,0,0,0,0,0,0,0,0,0,0,0,0,0,0,0,0,0,0,0,0,0,0,0,0,Low,0.75,high
212,46,20,Aceh,Pantai Lampuuk,Anak Buah Kapal (ABK) ,Perahu motor tempel,3,"Td-1, Td-2",16.0,20,0,0,0,0,0,0,0,0,0,0,0,0,0,0,0,0,0,0,0,0,0,0,0,0,0,0,0,0,0,0,0,0,0,0,0,0,0,0,0,0,0,0,0,0,0,0,0,0,0,0,0,0,0,0,0,0,0,0,0,0,0,0,0,0,0,0,0,Low,1.0,high
213,28,14,D.I. Yogyakarta,Pantai Depok,Anak Buah Kapal (ABK) ,Perahu jaring angkat,5,Wn-1,1.0,15,0,0,0,0,0,0,0,0,0,0,0,0,0,0,0,0,0,0,0,0,0,0,0,0,0,0,0,0,0,0,0,0,0,0,0,0,0,0,0,0,0,0,0,0,0,0,0,0,0,0,0,0,0,0,0,0,0,0,0,0,0,0,0,0,0,0,0,Low,0.3333,low
214,28,14,D.I. Yogyakarta,Pantai Depok,Anak Buah Kapal (ABK) ,Perahu jaring angkat,5,Wn-4,1.0,15,0,0,0,0,0,0,0,0,0,0,0,0,0,0,0,0,0,0,0,0,0,0,0,0,0,0,0,0,0,0,0,0,0,0,0,0,0,0,0,0,0,0,0,0,0,0,0,0,0,0,0,0,0,0,0,0,0,0,0,0,0,0,0,0,0,0,0,Low,0.6667000000000001,moderate
215,28,14,D.I. Yogyakarta,Pantai Depok,Anak Buah Kapal (ABK) ,Perahu jaring angkat,10,Wn-2,1.0,15,0,0,0,0,0,0,0,0,0,0,0,0,0,0,0,0,0,0,0,0,0,0,0,0,0,0,0,0,0,0,0,0,0,0,0,0,0,0,0,0,0,0,0,0,0,0,0,0,0,0,0,0,0,0,0,0,0,0,0,0,0,0,0,0,0,0,0,Low,0.3333,low
216,28,14,D.I. Yogyakarta,Pantai Depok,Anak Buah Kapal (ABK) ,Perahu jaring angkat,15,Cr-3,1.0,15,0,0,0,0,0,0,0,0,0,0,0,0,0,0,0,0,0,0,0,0,0,0,0,0,0,0,0,0,0,0,0,0,0,0,0,0,0,0,0,0,0,0,0,0,0,0,0,0,0,0,0,0,0,0,0,0,0,0,0,0,0,0,0,0,0,0,0,Low,0.6667000000000001,moderate
217,22,8,D.I. Yogyakarta,Pantai Depok,Tekong/Nahkoda,Perahu jukung,5,Wn-4,4.0,7,0,0,0,0,0,0,0,0,0,0,0,0,0,0,0,0,0,0,0,0,0,0,0,0,0,0,0,0,0,0,0,0,0,0,0,0,0,0,0,0,0,0,0,0,0,0,0,0,0,0,0,0,0,0,0,0,0,0,0,0,0,0,0,0,0,0,0,Low,1.0,high
218,60,25,D.I. Yogyakarta,Pantai Depok,Anak Buah Kapal (ABK) ,Perahu jukung,4,Wn-4,4.0,10,0,0,0,0,0,0,0,0,0,0,0,0,0,0,0,0,0,0,0,0,0,0,0,0,0,0,0,0,0,0,0,0,0,0,0,0,0,0,0,0,0,0,0,0,0,0,0,0,0,0,0,0,0,0,0,0,0,0,0,0,0,0,0,0,0,0,0,Low,0.5,moderate
219,46,20,D.I. Yogyakarta,Pantai Depok,Anak Buah Kapal (ABK) ,Lainnya,3,Wn-4,4.0,20,0,0,0,0,0,0,0,0,0,0,0,0,0,0,0,0,0,0,0,0,0,0,0,0,0,0,0,0,0,0,0,0,0,0,0,0,0,0,0,0,0,0,0,0,0,0,0,0,0,0,0,0,0,0,0,0,0,0,0,0,0,0,0,0,0,0,0,Low,0.5,moderate
220,46,20,D.I. Yogyakarta,Pantai Depok,Anak Buah Kapal (ABK) ,Lainnya,2,Wn-7,4.0,20,0,0,0,0,0,0,0,0,0,0,0,0,0,0,0,0,0,0,0,0,0,0,0,0,0,0,0,0,0,0,0,0,0,0,0,0,0,0,0,0,0,0,0,0,0,0,0,0,0,0,0,0,0,0,0,0,0,0,0,0,0,0,0,0,0,0,0,Low,0.3333,low
221,46,20,D.I. Yogyakarta,Pantai Depok,Anak Buah Kapal (ABK) ,Lainnya,2,Wn-2,8.0,20,0,0,0,0,0,0,0,0,0,0,0,0,0,0,0,0,0,0,0,0,0,0,0,0,0,0,0,0,0,0,0,0,0,0,0,0,0,0,0,0,0,0,0,0,0,0,0,0,0,0,0,0,0,0,0,0,0,0,0,0,0,0,0,0,0,0,0,Low,0.4,low
222,40,21,D.I. Yogyakarta,Pantai Depok,Tekong/Nahkoda,Lainnya,5,Wn-5,2.0,10,0,0,0,0,0,0,0,0,0,0,0,0,0,0,0,0,0,0,0,0,0,0,0,0,0,0,0,0,0,0,0,0,0,0,0,0,0,0,0,0,0,0,0,0,0,0,0,0,0,0,0,0,0,0,0,0,0,0,0,0,0,0,0,0,0,0,0,Low,0.5,moderate
223,40,21,D.I. Yogyakarta,Pantai Depok,Tekong/Nahkoda,Lainnya,5,Wn-4,4.0,15,0,0,0,0,0,0,0,0,0,0,0,0,0,0,0,0,0,0,0,0,0,0,0,0,0,0,0,0,0,0,0,0,0,0,0,0,0,0,0,0,0,0,0,0,0,0,0,0,0,0,0,0,0,0,0,0,0,0,0,0,0,0,0,0,0,0,0,Low,0.5,moderate
224,37,20,D.I. Yogyakarta,Pantai Depok,Anak Buah Kapal (ABK) ,Lainnya,6,Wn-4,4.0,18,0,0,0,0,0,0,0,0,0,0,0,0,0,0,0,0,0,0,0,0,0,0,0,0,0,0,0,0,0,0,0,0,0,0,0,0,0,0,0,0,0,0,0,0,0,0,0,0,0,0,0,0,0,0,0,0,0,0,0,0,0,0,0,0,0,0,0,Low,0.4,low
225,37,20,D.I. Yogyakarta,Pantai Depok,Anak Buah Kapal (ABK) ,Lainnya,10,Wv-2,4.0,18,0,0,0,0,0,0,0,0,0,0,0,0,0,0,0,0,0,0,0,0,0,0,0,0,0,0,0,0,0,0,0,0,0,0,0,0,0,0,0,0,0,0,0,0,0,0,0,0,0,0,0,0,0,0,0,0,0,0,0,0,0,0,0,0,0,0,0,Low,0.8,high
226,38,20,D.I. Yogyakarta,Pantai Depok,Tekong/Nahkoda,Lainnya,5,"Wn-4, Wn-7",4.0,15,0,0,0,0,0,0,0,0,0,0,0,0,0,0,0,0,0,0,0,0,0,0,0,0,0,0,0,0,0,0,0,0,0,0,0,0,0,0,0,0,0,0,0,0,0,0,0,0,0,0,0,0,0,0,0,0,0,0,0,0,0,0,0,0,0,0,0,Low,0.6667000000000001,moderate
227,38,20,D.I. Yogyakarta,Pantai Depok,Tekong/Nahkoda,Lainnya,4,Wn-2,4.0,15,0,0,0,0,0,0,0,0,0,0,0,0,0,0,0,0,0,0,0,0,0,0,0,0,0,0,0,0,0,0,0,0,0,0,0,0,0,0,0,0,0,0,0,0,0,0,0,0,0,0,0,0,0,0,0,0,0,0,0,0,0,0,0,0,0,0,0,Low,0.4,low
228,48,20,D.I. Yogyakarta,Pantai Depok,Juragan kapal,Lainnya,5,Wn-4,4.0,20,0,0,0,0,0,0,0,0,0,0,0,0,0,0,0,0,0,0,0,0,0,0,0,0,0,0,0,0,0,0,0,0,0,0,0,0,0,0,0,0,0,0,0,0,0,0,0,0,0,0,0,0,0,0,0,0,0,0,0,0,0,0,0,0,0,0,0,Low,0.5,moderate
229,48,20,D.I. Yogyakarta,Pantai Depok,Juragan kapal,Lainnya,5,Wn-7,4.0,20,0,0,0,0,0,0,0,0,0,0,0,0,0,0,0,0,0,0,0,0,0,0,0,0,0,0,0,0,0,0,0,0,0,0,0,0,0,0,0,0,0,0,0,0,0,0,0,0,0,0,0,0,0,0,0,0,0,0,0,0,0,0,0,0,0,0,0,Low,0.5,moderate
230,48,20,D.I. Yogyakarta,Pantai Depok,Juragan kapal,Lainnya,5,Wn-9,4.0,20,0,0,0,0,0,0,0,0,0,0,0,0,0,0,0,0,0,0,0,0,0,0,0,0,0,0,0,0,0,0,0,0,0,0,0,0,0,0,0,0,0,0,0,0,0,0,0,0,0,0,0,0,0,0,0,0,0,0,0,0,0,0,0,0,0,0,0,Low,0.75,high
231,28,2,D.I. Yogyakarta,Pantai Depok,Anak Buah Kapal (ABK) ,Perahu jaring angkat,2,Wv-1,4.0,2,0,0,0,0,0,0,0,0,0,0,0,0,0,0,0,0,0,0,0,0,0,0,0,0,0,0,0,0,0,0,0,0,0,0,0,0,0,0,0,0,0,0,0,0,0,0,0,0,0,0,0,0,0,0,0,0,0,0,0,0,0,0,0,0,0,0,0,Low,1.0,high
232,28,2,D.I. Yogyakarta,Pantai Depok,Anak Buah Kapal (ABK) ,Perahu jaring angkat,2,Wv-2,4.0,2,0,0,0,0,0,0,0,0,0,0,0,0,0,0,0,0,0,0,0,0,0,0,0,0,0,0,0,0,0,0,0,0,0,0,0,0,0,0,0,0,0,0,0,0,0,0,0,0,0,0,0,0,0,0,0,0,0,0,0,0,0,0,0,0,0,0,0,Low,0.5,moderate
233,45,10,D.I. Yogyakarta,Pantai Depok,Anak Buah Kapal (ABK) ,Lainnya,3,Wn-4,3.0,6,0,0,0,0,0,0,0,0,0,0,0,0,0,0,0,0,0,0,0,0,0,0,0,0,0,0,0,0,0,0,0,0,0,0,0,0,0,0,0,0,0,0,0,0,0,0,0,0,0,0,0,0,0,0,0,0,0,0,0,0,0,0,0,0,0,0,0,Low,0.6,moderate
234,45,10,D.I. Yogyakarta,Pantai Depok,Anak Buah Kapal (ABK) ,Lainnya,3,Wn-7,3.0,6,0,0,0,0,0,0,0,0,0,0,0,0,0,0,0,0,0,0,0,0,0,0,0,0,0,0,0,0,0,0,0,0,0,0,0,0,0,0,0,0,0,0,0,0,0,0,0,0,0,0,0,0,0,0,0,0,0,0,0,0,0,0,0,0,0,0,0,Low,0.6,moderate
235,45,10,D.I. Yogyakarta,Pantai Depok,Anak Buah Kapal (ABK) ,Lainnya,3,Wn-9,3.0,6,0,0,0,0,0,0,0,0,0,0,0,0,0,0,0,0,0,0,0,0,0,0,0,0,0,0,0,0,0,0,0,0,0,0,0,0,0,0,0,0,0,0,0,0,0,0,0,0,0,0,0,0,0,0,0,0,0,0,0,0,0,0,0,0,0,0,0,Low,0.6,moderate
236,46,20,D.I. Yogyakarta,Pantai Depok,Tekong/Nahkoda,Lainnya,5,Wn-4,5.0,15,0,0,0,0,0,0,0,0,0,0,0,0,0,0,0,0,0,0,0,0,0,0,0,0,0,0,0,0,0,0,0,0,0,0,0,0,0,0,0,0,0,0,0,0,0,0,0,0,0,0,0,0,0,0,0,0,0,0,0,0,0,0,0,0,0,0,0,Low,0.5,moderate
237,46,20,D.I. Yogyakarta,Pantai Depok,Tekong/Nahkoda,Lainnya,5,Wn-7,5.0,15,0,0,0,0,0,0,0,0,0,0,0,0,0,0,0,0,0,0,0,0,0,0,0,0,0,0,0,0,0,0,0,0,0,0,0,0,0,0,0,0,0,0,0,0,0,0,0,0,0,0,0,0,0,0,0,0,0,0,0,0,0,0,0,0,0,0,0,Low,0.5,moderate
238,46,20,D.I. Yogyakarta,Pantai Depok,Tekong/Nahkoda,Lainnya,2,Wv-2,8.0,15,0,0,0,0,0,0,0,0,0,0,0,0,0,0,0,0,0,0,0,0,0,0,0,0,0,0,0,0,0,0,0,0,0,0,0,0,0,0,0,0,0,0,0,0,0,0,0,0,0,0,0,0,0,0,0,0,0,0,0,0,0,0,0,0,0,0,0,Low,1.0,high
239,48,10,D.I. Yogyakarta,Pantai Depok,Anak Buah Kapal (ABK) ,Lainnya,3,Wn-4,4.0,8,0,0,0,0,0,0,0,0,0,0,0,0,0,0,0,0,0,0,0,0,0,0,0,0,0,0,0,0,0,0,0,0,0,0,0,0,0,0,0,0,0,0,0,0,0,0,0,0,0,0,0,0,0,0,0,0,0,0,0,0,0,0,0,0,0,0,0,Low,0.5,moderate
240,48,10,D.I. Yogyakarta,Pantai Depok,Anak Buah Kapal (ABK) ,Lainnya,3,Wn-7,4.0,8,0,0,0,0,0,0,0,0,0,0,0,0,0,0,0,0,0,0,0,0,0,0,0,0,0,0,0,0,0,0,0,0,0,0,0,0,0,0,0,0,0,0,0,0,0,0,0,0,0,0,0,0,0,0,0,0,0,0,0,0,0,0,0,0,0,0,0,Low,0.5,moderate
241,38,24,D.I. Yogyakarta,Pantai Depok,Tekong/Nahkoda,Lainnya,5,Wn-4,3.0,14,0,0,0,0,0,0,0,0,0,0,0,0,0,0,0,0,0,0,0,0,0,0,0,0,0,0,0,0,0,0,0,0,0,0,0,0,0,0,0,0,0,0,0,0,0,0,0,0,0,0,0,0,0,0,0,0,0,0,0,0,0,0,0,0,0,0,0,Low,0.5,moderate
242,38,24,D.I. Yogyakarta,Pantai Depok,Tekong/Nahkoda,Lainnya,5,Wn-8,3.0,14,0,0,0,0,0,0,0,0,0,0,0,0,0,0,0,0,0,0,0,0,0,0,0,0,0,0,0,0,0,0,0,0,0,0,0,0,0,0,0,0,0,0,0,0,0,0,0,0,0,0,0,0,0,0,0,0,0,0,0,0,0,0,0,0,0,0,0,Low,0.5,moderate
243,38,24,D.I. Yogyakarta,Pantai Depok,Tekong/Nahkoda,Lainnya,3,Wv-1,4.0,14,0,0,0,0,0,0,0,0,0,0,0,0,0,0,0,0,0,0,0,0,0,0,0,0,0,0,0,0,0,0,0,0,0,0,0,0,0,0,0,0,0,0,0,0,0,0,0,0,0,0,0,0,0,0,0,0,0,0,0,0,0,0,0,0,0,0,0,Low,0.3333,low
244,43,10,D.I. Yogyakarta,Pantai Depok,Anak Buah Kapal (ABK) ,Lainnya,4,Wn-4,5.0,6,0,0,0,0,0,0,0,0,0,0,0,0,0,0,0,0,0,0,0,0,0,0,0,0,0,0,0,0,0,0,0,0,0,0,0,0,0,0,0,0,0,0,0,0,0,0,0,0,0,0,0,0,0,0,0,0,0,0,0,0,0,0,0,0,0,0,0,Low,0.6667000000000001,moderate
245,43,10,D.I. Yogyakarta,Pantai Depok,Anak Buah Kapal (ABK) ,Lainnya,4,Wn-7,5.0,6,0,0,0,0,0,0,0,0,0,0,0,0,0,0,0,0,0,0,0,0,0,0,0,0,0,0,0,0,0,0,0,0,0,0,0,0,0,0,0,0,0,0,0,0,0,0,0,0,0,0,0,0,0,0,0,0,0,0,0,0,0,0,0,0,0,0,0,Low,0.75,high
246,43,10,D.I. Yogyakarta,Pantai Depok,Anak Buah Kapal (ABK) ,Lainnya,4,Wn-8,5.0,6,0,0,0,0,0,0,0,0,0,0,0,0,0,0,0,0,0,0,0,0,0,0,0,0,0,0,0,0,0,0,0,0,0,0,0,0,0,0,0,0,0,0,0,0,0,0,0,0,0,0,0,0,0,0,0,0,0,0,0,0,0,0,0,0,0,0,0,Low,0.5,moderate
